unique_id,plot_id,deciduous_shrub_cover,deciduous_tree_cover,evergreen_shrub_cover,evergreen_tree_cover,forb_cover,graminoid_cover,nonvascular_sum_cover,bryophyte_cover,lichen_cover,litter_cover,other_cover,water_cover,bareground_cover
0,120712b1,32.45,0.0,20.52,0.0,2.64,19.2,33.09,31.77,1.32,18.54,0.0,0.0,0.0
1,120713a1,0.0,0.0,0.0,0.0,1.96,28.75,37.25,36.6,0.65,77.78,0.0,0.0,11.11
2,120713b1,11.34,0.0,38.01,0.0,0.0,14.66,26.0,17.34,8.66,32.67,0.0,0.0,0.0
3,120714a1,0.0,0.0,0.0,0.0,1.98,0.0,1.32,1.32,0.0,15.23,0.0,0.0,83.44
4,120714a2,0.0,0.0,36.19,0.0,1.98,25.67,67.12,32.9,34.22,84.87,0.0,0.0,0.0
5,120714b1,23.64,0.0,19.6,0.0,25.71,5.41,59.45,54.04,5.41,43.92,0.0,0.0,0.0
6,120715b1,17.44,0.0,24.83,0.0,9.39,14.77,28.83,22.12,6.71,75.17,0.0,3.36,0.67
7,120716a1,3.26,0.0,0.65,0.0,1.96,10.45,64.68,64.03,0.65,75.16,0.0,0.0,0.0
8,120716a1b,0.0,0.0,0.0,0.0,0.0,16.13,53.22,53.22,0.0,77.42,0.0,0.0,11.29
9,120716b1,6.68,0.0,9.34,0.0,3.34,12.0,66.0,59.33,6.67,55.33,0.0,4.67,0.0
10,120716b2,3.35,0.0,7.38,0.0,6.04,10.06,75.16,73.82,1.34,44.97,0.0,0.0,0.0
11,120717a1,8.0,0.0,0.0,0.0,14.0,34.0,18.0,18.0,0.0,78.0,0.0,14.0,0.0
12,120718a1,14.38,0.0,28.76,0.0,10.46,22.22,79.08,69.93,9.15,80.39,0.0,0.0,0.0
13,120718a2,26.18,0.0,9.52,0.0,4.76,30.94,33.32,28.56,4.76,90.48,0.0,0.0,0.0
14,120718b1,37.99,0.0,57.34,0.0,2.01,20.0,46.67,28.68,17.99,79.33,0.0,0.0,0.0
15,120719a1,3.29,0.0,0.0,0.0,0.66,34.88,34.21,34.21,0.0,91.45,0.0,0.0,0.0
16,120719a2,13.82,0.0,5.26,0.0,1.32,12.51,57.26,54.62,2.64,50.0,0.0,0.66,8.55
17,120720a1,0.0,0.0,0.0,0.0,7.84,0.0,21.56,5.88,15.68,43.14,0.0,0.0,39.22
18,120720b1,60.0,0.0,34.0,0.0,8.01,16.0,53.32,44.65,8.67,72.0,0.0,0.0,0.0
19,120721a1,11.11,0.0,21.57,0.0,2.61,11.76,54.88,34.62,20.26,81.7,0.0,0.0,3.92
20,120721b1,3.33,0.0,0.0,0.0,9.34,14.0,49.99,47.32,2.67,64.0,0.0,0.0,12.67
21,120722a1,9.27,0.0,0.0,0.0,52.32,22.51,6.62,6.62,0.0,89.4,0.0,0.0,3.31
22,120722b1,42.66,0.0,30.01,0.0,0.0,0.67,0.0,0.0,0.0,67.33,0.0,0.0,22.0
23,120722b2,38.67,0.0,40.66,0.0,4.67,42.0,36.66,33.33,3.33,76.0,0.0,0.0,0.0
24,120723a1,57.14,0.0,0.0,0.0,22.22,14.28,30.16,30.16,0.0,87.3,0.0,0.0,0.0
25,120723a2,19.04,0.0,33.34,0.0,3.17,25.39,53.96,44.44,9.52,93.65,0.0,0.0,1.59
26,120724a1,29.03,0.0,30.65,0.0,3.22,17.73,45.14,32.25,12.89,83.87,0.0,4.84,1.61
27,120724b1,57.85,0.0,5.71,0.0,1.43,9.29,24.25,23.54,0.71,87.14,0.0,1.43,0.0
28,120726a1,0.0,0.0,30.16,0.0,0.0,39.68,51.0,28.66,22.34,84.13,0.0,0.0,0.0
29,120726a2,2.38,0.0,0.0,0.0,0.0,9.72,64.98,64.98,0.0,38.1,0.0,0.0,14.29
30,120726b1,16.0,0.0,48.67,0.0,4.0,14.0,65.34,24.01,41.33,79.33,0.0,0.0,0.67
31,120727a1,9.52,0.0,38.09,0.0,3.17,30.16,60.33,39.69,20.64,73.02,0.0,0.0,0.0
32,120727a2,3.17,0.0,17.46,0.0,0.0,22.23,34.93,19.05,15.88,77.78,0.0,0.0,7.94
33,120727b1,40.66,0.0,0.0,0.0,21.34,20.01,24.67,24.67,0.0,79.33,0.0,0.0,6.0
34,120728a1,6.62,0.0,1.32,0.0,5.29,2.65,0.66,0.0,0.66,15.89,0.0,0.0,74.83
35,120728a2,0.0,0.0,0.0,0.0,0.0,0.0,0.0,0.0,0.0,0.66,0.0,0.0,99.34
36,120728a3,0.0,0.0,23.81,0.0,4.77,1.59,46.04,4.77,41.27,73.02,0.0,0.0,4.76
37,120728a4,0.0,0.0,0.0,0.0,0.0,14.29,0.0,0.0,0.0,15.87,0.0,0.0,80.95
38,120728b1,6.77,0.0,47.45,0.0,1.69,23.73,49.1,27.1,22.0,77.97,1.69,6.78,0.0
39,120729a1,6.45,0.0,0.0,0.0,0.0,25.81,11.28,11.28,0.0,75.81,0.0,6.45,8.06
40,120729a2,49.21,0.0,11.11,0.0,1.59,17.47,49.2,49.2,0.0,82.54,0.0,0.0,0.0
41,120729a3,42.86,0.0,6.36,0.0,0.0,19.04,34.92,33.33,1.59,92.06,0.0,0.0,0.0
42,120729b1,13.64,0.0,60.0,0.0,0.4,40.11,62.48,50.31,12.17,73.33,0.0,0.0,0.0
43,120729b2,16.87,0.0,11.66,0.0,0.1,21.67,73.44,73.44,0.0,85.0,0.0,0.0,0.0
44,120730a1,32.25,0.0,20.97,0.0,4.83,9.68,61.28,54.83,6.45,59.68,0.0,0.0,3.23
45,120730b1,21.76,0.0,10.0,0.0,1.77,10.01,31.79,31.79,0.0,91.67,1.67,0.0,0.0
46,120730b2,11.67,0.0,0.1,0.0,0.2,28.63,20.21,20.21,0.0,85.0,0.0,6.67,0.0
47,120730b3,15.2,0.0,1.67,0.0,10.0,30.01,23.44,23.44,0.0,70.0,1.67,11.67,0.0
48,120731a1,0.0,0.0,0.0,0.0,0.7,16.79,4.2,4.2,0.0,62.94,0.0,76.22,0.7
49,120731a2,4.76,0.0,14.29,0.0,1.59,11.11,60.31,25.39,34.92,61.9,0.0,0.0,6.35
50,120731b1,15.0,0.0,0.0,0.0,42.37,71.77,25.11,25.11,0.0,90.0,0.0,0.0,0.0
51,120731b2,61.66,0.0,0.0,0.0,35.51,33.35,45.2,45.2,0.0,70.0,0.0,0.0,0.0
52,120801a1,0.0,0.0,1.98,0.0,1.98,0.66,28.31,3.29,25.02,46.05,0.0,0.0,40.13
53,120801a2,0.0,0.0,27.42,0.0,1.61,40.32,56.45,24.2,32.25,93.55,0.0,0.0,0.0
54,120801a3,0.0,0.0,0.0,0.0,6.35,3.17,4.76,4.76,0.0,55.56,0.0,65.08,6.35
55,120802b1,20.89,0.0,0.0,0.0,21.19,5.67,3.45,3.45,0.0,17.24,0.0,3.45,56.9
56,120803a1,49.2,0.0,28.67,0.0,0.3,14.59,59.53,49.71,9.82,74.6,0.0,0.0,0.0
57,120803a2,17.77,0.0,42.85,0.0,1.99,36.81,29.57,15.19,14.38,90.48,0.0,1.59,0.0
58,120803b1,22.31,0.0,66.66,0.0,0.1,16.18,43.58,27.0,16.58,90.48,0.0,0.0,0.0
59,120805a1,90.26,0.0,1.64,0.0,18.84,3.78,26.73,26.73,0.0,81.97,0.0,0.0,0.0
60,120805a2,0.0,0.0,0.0,0.0,0.0,0.0,0.0,0.0,0.0,0.0,0.0,0.0,100.0
61,120805b1,3.92,0.0,0.0,0.0,7.84,0.65,0.0,0.0,0.0,7.19,0.0,0.0,82.35
62,120806a1,12.52,0.0,0.0,0.0,17.68,7.13,0.0,0.0,0.0,16.99,0.0,0.0,60.78
63,120806a2,11.11,0.0,0.0,0.0,7.94,3.18,1.59,1.59,0.0,11.11,0.0,0.0,74.6
64,120806b1,8.24,0.0,0.0,0.0,19.46,8.24,0.4,0.4,0.0,22.22,0.0,0.0,55.56
65,120806b2,14.29,0.0,0.0,0.0,8.53,1.69,0.0,0.0,0.0,9.52,1.59,0.0,76.19
66,120807a1,17.46,0.0,41.27,0.0,0.0,11.11,66.68,36.5,30.18,79.37,0.0,0.0,1.59
67,120807a2,19.05,0.0,26.99,0.0,0.0,1.59,46.02,19.03,26.99,79.37,0.0,0.0,3.17
68,120807b1,9.53,0.0,0.0,0.0,11.11,77.88,14.28,14.28,0.0,92.06,0.0,4.76,0.0
69,120807b2,20.97,0.0,37.19,0.0,2.01,43.54,50.51,46.98,3.53,82.26,0.0,0.0,0.0
70,120807b3,8.14,0.0,38.2,0.0,0.5,52.37,57.35,36.61,20.74,84.13,0.0,0.0,0.0
71,120808a1,36.81,0.0,14.29,0.0,13.01,39.88,60.62,49.31,11.31,84.13,0.0,0.0,0.0
72,120808a2,28.57,0.0,58.72,0.0,3.77,22.52,42.86,31.75,11.11,76.19,0.0,0.0,0.0
73,120808b1,74.7,0.0,4.86,0.0,25.89,6.65,21.34,16.37,4.97,90.48,0.0,0.0,0.0
74,120808b2,12.79,0.0,15.97,0.0,2.19,12.7,71.94,70.15,1.79,80.95,1.59,1.59,0.0
75,120808b3,15.88,0.0,20.64,0.0,1.59,33.33,49.22,44.45,4.77,80.95,0.0,0.0,0.0
76,120809a1,0.96,0.0,0.0,0.0,11.67,6.15,0.66,0.66,0.0,21.85,0.0,0.0,68.87
77,120809a2,0.0,0.0,0.0,0.0,0.1,0.5,0.0,0.0,0.0,0.0,0.0,0.0,100.0
78,120809a3,0.0,0.0,0.0,0.0,6.45,16.13,12.89,12.89,0.0,38.71,0.0,6.45,41.94
79,120809b1,9.72,0.0,44.44,0.0,24.21,0.2,51.19,42.85,8.34,68.25,0.0,0.0,0.0
80,120809b2,8.14,0.0,3.47,0.0,5.66,33.63,66.98,60.33,6.65,73.02,0.0,0.0,1.59
81,120809b3,11.21,0.0,20.84,0.0,5.66,35.11,80.07,73.32,6.75,71.43,0.0,0.0,1.59
82,120810a1,38.29,0.0,60.31,0.0,3.88,21.03,58.06,36.61,21.45,71.43,0.0,0.0,0.0
83,120810a2,23.9,0.0,38.19,0.0,5.46,20.73,81.69,70.16,11.53,71.43,0.0,0.0,0.0
84,120810b1,16.28,0.0,33.33,0.0,1.89,31.96,30.47,24.01,6.46,87.3,0.0,0.0,4.76
85,120810b2,38.3,0.0,39.68,0.0,2.09,9.92,30.35,24.0,6.35,71.43,0.0,0.0,11.11
86,120810b3,19.15,0.0,62.0,0.0,0.4,14.28,62.29,48.01,14.28,80.95,0.0,0.0,0.0
87,120811a1,27.18,0.0,42.86,0.0,4.96,20.64,59.83,47.82,12.01,76.19,0.0,0.0,0.0
88,120811a2,107.93,0.0,0.0,0.0,33.74,22.23,19.66,19.66,0.0,84.13,0.0,0.0,0.0
89,120812a1,9.87,0.0,27.42,0.0,29.72,5.44,78.41,66.53,11.88,54.84,0.0,0.0,0.0
90,120812a2,9.91,0.0,31.85,0.0,13.8,5.17,89.98,81.45,8.53,52.38,0.0,0.0,0.0
91,120812b1,0.0,0.0,0.0,0.0,6.96,67.21,18.03,18.03,0.0,52.46,0.0,24.59,0.0
92,120812b2,0.4,0.0,0.0,0.0,31.85,80.95,6.34,6.34,0.0,98.41,0.0,0.0,0.0
93,120813a1,30.65,0.0,27.42,0.0,0.0,17.75,0.0,0.0,0.0,62.9,0.0,0.0,33.87
94,120813a2,32.79,0.0,8.2,0.0,0.0,0.0,0.0,0.0,0.0,31.15,0.0,0.0,65.57
95,120813a3,30.16,0.0,66.66,0.0,0.0,14.59,6.07,3.88,2.19,85.71,0.1,0.0,4.76
96,120813b1,1.79,0.0,1.59,0.0,1.89,30.56,12.91,11.32,1.59,53.97,0.0,38.1,0.0
97,120813b2,0.3,0.0,0.1,0.0,0.6,43.16,3.18,3.18,0.0,63.49,0.0,26.98,0.0
98,120813b3,3.38,0.0,9.53,0.0,6.95,22.42,62.02,60.43,1.59,60.32,0.1,19.05,0.0
99,120814a1,36.9,0.0,25.6,0.0,2.59,13.2,44.94,31.94,13.0,73.02,0.0,0.0,7.94
100,120814a2,15.88,0.0,55.65,0.0,2.09,54.17,33.93,29.07,4.86,80.95,0.0,0.0,1.59
101,120814a3,9.78,0.0,53.33,0.0,3.23,32.36,53.93,45.37,8.56,72.58,0.0,0.0,1.61
102,120814b1,11.21,0.0,35.02,0.0,0.2,28.57,44.96,25.7,19.26,87.3,0.0,0.0,0.0
103,120814b2,19.45,0.0,27.62,0.0,1.71,34.06,26.3,13.2,13.1,91.94,1.61,0.0,0.0
104,120814b3,17.56,0.0,28.68,0.0,1.79,23.81,41.96,30.46,11.5,79.37,0.0,0.0,0.0
105,120815a1,47.72,0.0,0.0,0.0,40.28,56.05,39.68,39.68,0.0,79.37,0.0,0.0,1.59
106,120815b1,11.36,0.0,38.63,0.0,4.55,31.81,70.44,43.17,27.27,79.55,0.0,0.0,0.0
107,AB-1B,0.0,0.0,0.0,0.0,1.4,0.7,12.7,0.0,12.7,0.0,0.0,0.0,20.666666
108,AB-5B,14.7,0.0,22.0,0.0,2.7,6.7,16.8,2.7,14.1,16.0,0.0,0.0,14.0
109,ADST-2,10.0,0.0,18.7,0.0,4.2,3.3,10.1,2.6,7.5,10.0,0.0,0.0,14.0
110,ADST-21,19.3,0.0,52.6,0.0,5.5,6.0,67.8,26.5,41.3,44.666668,0.0,0.0,14.666667
111,ADST-33,14.7,0.0,30.0,0.0,27.5,7.4,15.6,8.1,7.5,21.333334,0.0,0.0,27.333334
112,ADST-40,5.4,0.0,26.0,0.0,14.0,8.0,32.8,7.4,25.4,36.666668,0.0,0.0,34.0
113,ADST-63,4.7,0.0,26.7,0.0,5.5,0.7,12.7,6.0,6.7,29.333334,0.0,0.0,47.333332
114,ADST-65,12.1,0.0,46.7,0.0,9.5,8.0,8.8,4.8,4.0,48.0,0.0,0.0,16.666666
115,ADST-67,4.7,0.0,70.0,0.0,9.4,0.7,33.5,14.1,19.4,65.333336,0.0,0.0,12.666667
116,ADST-71,2.7,0.0,25.4,0.0,1.4,1.3,4.1,1.4,2.7,6.67,0.0,0.0,68.0
117,ADST-72,8.7,0.0,56.0,0.0,13.4,8.7,42.7,42.7,0.0,58.67,0.0,0.0,20.67
118,ADST-75,0.0,0.0,40.0,0.0,8.1,5.3,26.2,3.4,22.8,16.67,0.0,0.0,33.34
119,ADST-76,8.7,0.0,35.3,0.0,16.0,46.6,76.7,72.6,4.1,37.33,0.0,0.0,0.0
120,ADST-79,10.7,0.0,42.6,0.0,16.8,4.0,33.4,14.7,18.7,16.0,0.0,0.0,28.0
121,AFAG-1,25.3,0.0,0.0,0.0,12.0,4.0,0.0,0.0,0.0,34.0,0.0,0.0,49.333332
122,AFAG-3,2.7,0.0,61.3,0.0,6.7,1.4,10.7,0.7,10.0,50.0,0.0,0.0,8.0
123,AFMM-5,2.0,0.0,3.3,0.0,32.7,28.0,2.0,2.0,0.0,17.333334,0.0,4.0,0.0
124,AFPD-1,12.0,0.0,6.7,0.0,0.0,12.0,18.7,18.7,0.0,38.0,0.0,0.0,0.0
125,AFPD-24,0.0,0.0,0.0,0.0,2.8,78.8,12.0,12.0,0.0,4.195804,0.0,16.783216,0.0
126,AFPD-31,1.3,0.0,0.0,0.0,11.3,28.0,30.6,30.6,0.0,0.0,0.0,46.666668,0.0
127,AFPD-37,6.0,0.0,0.7,0.0,20.0,26.0,33.3,33.3,0.0,8.666667,0.0,39.333332,0.0
128,AFPD-39,4.1,0.0,5.4,0.0,18.7,54.6,64.6,64.6,0.0,10.666667,0.0,11.333333,0.0
129,AFPD-4B,7.5,0.0,11.2,0.0,2.1,23.3,0.7,0.0,0.7,9.523809,0.0,25.170069,0.0
130,AFPD-52,0.0,0.0,0.0,0.0,2.0,107.3,14.7,14.7,0.0,27.333334,0.0,2.0,0.0
131,AFPD-53,0.0,0.0,2.7,0.0,7.4,28.7,45.3,45.3,0.0,2.6666667,0.0,5.3333335,0.0
132,AFPD-57,2.0,0.0,4.0,0.0,17.3,24.0,61.4,58.7,2.7,8.0,2.7,6.0,3.3333333
133,AFPD-65,2.7,0.0,28.0,0.0,20.6,55.4,84.0,79.3,4.7,20.0,0.0,0.0,0.0
134,AFPD-67,2.7,0.0,7.3,0.0,26.0,29.4,34.7,34.0,0.7,9.333333,0.0,0.0,0.0
135,AFPD-70,0.7,0.0,0.0,0.0,6.7,35.4,86.7,86.7,0.0,21.333334,1.3,0.0,0.0
136,AFPD-73,18.0,0.0,0.0,0.0,10.7,70.0,72.8,72.8,0.0,46.0,0.0,0.0,0.0
137,AFPD-78,18.6,0.0,2.0,0.0,8.6,49.5,77.2,75.9,1.3,21.33,0.0,11.33,0.0
138,AFS-23,65.3,0.0,0.0,0.0,33.3,15.4,53.6,52.9,0.7,46.0,0.0,1.3333334,0.0
139,AFS-25,22.7,0.0,2.7,0.0,19.4,5.3,18.8,18.1,0.7,38.666668,0.0,0.0,25.333334
140,AFS-26,16.7,0.0,0.7,0.0,1.3,8.1,12.7,12.7,0.0,21.333334,0.0,0.0,52.0
141,AFS-2B,38.9,0.0,0.0,0.0,5.0,4.8,0.7,0.7,0.0,36.734695,0.0,0.0,30.612246
142,AFS-33,18.7,0.0,25.3,0.0,12.8,0.7,55.5,38.8,16.7,44.0,0.0,0.0,7.3333335
143,AFS-5,27.9,0.0,0.0,0.0,38.2,21.1,0.0,0.0,0.0,44.89796,0.0,0.0,0.6802721
144,AFS-51,16.1,0.0,3.3,0.0,18.7,2.7,58.7,56.7,2.0,37.333332,0.7,0.0,13.333333
145,AFS-62,45.9,0.0,0.0,0.0,42.1,10.7,16.0,16.0,0.0,23.333334,0.0,0.0,24.0
146,AFS-64,4.6,0.0,39.3,0.0,25.4,10.0,70.1,52.0,18.1,23.333334,0.0,0.0,0.0
147,AFS-65,4.6,0.0,41.4,0.0,21.4,12.0,72.0,59.9,12.1,40.0,0.0,0.0,0.0
148,AFS-66,2.0,0.0,70.0,0.0,6.0,0.7,73.3,46.7,26.6,15.333333,0.0,0.0,1.3333334
149,AFS-67,16.7,0.0,0.0,0.0,0.7,2.0,0.0,0.0,0.0,6.6666665,0.0,0.0,74.0
150,AFS-71,72.0,0.0,0.0,0.0,38.7,8.1,14.6,14.6,0.0,72.0,0.0,0.0,4.0
151,AFS-77,90.7,0.0,0.0,0.0,69.2,20.6,54.0,54.0,0.0,80.67,0.0,0.0,0.67
152,AFS-78,56.7,0.0,0.0,0.0,55.5,26.6,59.3,59.3,0.0,62.0,0.0,0.0,0.67
153,CPBWM-1,29.3,0.0,33.3,0.0,1.3,69.5,22.0,2.0,20.0,38.0,0.0,0.0,0.0
154,CPBWM-26,0.0,0.0,0.0,0.0,0.0,40.2,10.0,10.0,0.0,0.6666667,0.0,58.0,0.0
155,CPBWM-29,4.0,0.0,7.3,0.0,0.7,72.7,40.9,39.5,1.4,13.333333,0.0,18.0,0.0
156,CPBWM-2B,1.3,0.0,0.0,0.0,0.0,17.4,0.7,0.7,0.0,8.666667,0.0,32.0,2.0
157,CPBWM-31,0.0,0.0,0.0,0.0,0.0,20.0,32.0,32.0,0.0,7.0,0.0,45.0,0.0
158,CPBWM-36,0.7,0.0,0.7,0.0,0.0,44.8,8.0,8.0,0.0,1.3333334,0.0,46.666668,0.0
159,CPBWM-38,5.4,0.0,4.6,0.0,0.0,43.9,33.4,29.4,4.0,13.333333,0.0,34.0,0.0
160,CPBWM-3B,4.0,0.0,8.0,0.0,0.0,47.3,4.0,0.0,4.0,17.333334,0.0,30.0,0.0
161,CPBWM-40,10.0,0.0,10.7,0.0,4.0,90.7,35.3,28.0,7.3,12.666667,0.0,15.333333,0.0
162,CPBWM-51,2.0,0.0,2.0,0.0,0.7,63.3,5.4,5.4,0.0,6.6666665,0.0,32.0,0.0
163,CPBWM-52,1.4,0.0,0.0,0.0,0.0,56.0,10.0,9.3,0.7,3.3333333,0.0,19.333334,0.0
164,CPBWM-53,6.7,0.0,0.0,0.0,0.0,72.1,16.9,15.5,1.4,18.0,0.0,32.0,0.0
165,CPBWM-54,2.0,0.0,22.6,0.0,3.4,51.9,68.1,57.3,10.8,28.666666,0.0,8.0,0.0
166,CPBWM-56,8.7,0.0,3.3,0.0,3.4,42.6,46.2,44.2,2.0,12.666667,0.0,14.0,0.0
167,CPBWM-62,4.0,0.0,2.7,0.0,0.7,74.7,20.7,18.7,2.0,8.666667,0.0,0.0,0.0
168,CPBWM-63,0.7,0.0,25.3,0.0,7.3,37.4,63.9,45.3,18.6,30.0,0.0,0.0,0.0
169,CPBWM-64,9.3,0.0,1.3,0.0,0.0,91.4,32.6,29.9,2.7,16.666666,0.0,0.0,0.0
170,CPBWM-69,0.0,0.0,0.0,0.0,0.0,59.3,30.0,28.7,1.3,56.0,0.0,1.3333334,0.0
171,CPBWM-70,0.0,0.0,7.4,0.0,0.7,82.0,29.5,25.4,4.1,24.666666,0.0,0.0,0.0
172,CPBWM-71,3.4,0.0,0.0,0.0,4.7,86.7,30.8,30.8,0.0,68.0,0.0,41.33,0.0
173,CPBWM-73,19.5,0.0,14.9,0.0,0.7,66.7,56.2,44.8,11.4,42.28,0.0,10.74,0.0
174,CPBWM-77,25.3,0.0,0.7,0.0,1.3,74.7,109.3,74.0,35.3,57.33,0.0,0.0,0.0
175,CPBWM-78,7.3,0.0,0.0,0.0,0.0,96.7,32.3,24.8,7.5,84.67,0.0,1.33,0.0
176,CPHCP-2,6.0,0.0,31.4,0.0,7.5,75.4,21.4,6.7,14.7,32.666668,0.0,0.0,0.0
177,CPHCP-22,13.3,0.0,42.1,0.0,0.0,65.3,104.7,72.0,32.7,16.0,0.0,0.0,0.0
178,CPHCP-27,24.7,0.0,55.4,0.0,5.3,66.7,92.1,53.3,38.8,34.666668,0.0,1.3333334,0.0
179,CPHCP-28,30.7,0.0,39.3,0.0,1.3,49.2,65.5,44.1,21.4,30.666666,0.7,1.3333334,0.0
180,CPHCP-3,19.3,0.0,35.3,0.0,2.7,30.0,12.8,0.7,12.1,42.666668,0.0,0.6666667,0.0
181,CPHCP-5,22.1,0.0,5.4,0.0,2.7,105.3,5.5,2.1,3.4,55.333332,0.0,0.0,0.0
182,CPHCP-51,3.3,0.0,20.6,0.0,0.7,85.4,94.1,70.0,24.1,39.333332,0.0,0.6666667,0.0
183,CPHCP-52,0.0,0.0,39.4,0.0,1.3,72.7,74.1,38.1,36.0,53.333332,0.0,0.6666667,0.0
184,CPHCP-53,8.6,0.0,25.3,0.0,0.7,47.4,64.3,59.5,4.8,14.666667,0.0,4.0,0.0
185,CPHCP-55,2.0,0.0,33.3,0.0,2.0,78.1,68.7,54.0,14.7,42.666668,0.0,8.0,0.0
186,CPHCP-56,5.4,0.0,35.3,0.0,8.0,62.9,72.9,43.4,29.5,53.333332,0.0,0.6666667,0.0
187,CPHCP-57,0.7,0.0,20.0,0.0,0.7,80.7,65.2,53.8,11.4,45.333332,0.0,1.3333334,0.0
188,CPHCP-59,8.0,0.0,13.4,0.0,2.0,81.3,93.4,75.3,18.1,34.666668,0.0,1.3333334,0.0
189,CPHCP-61,40.0,0.0,29.3,0.0,2.1,60.6,71.6,60.9,10.7,49.333332,0.0,0.0,0.0
190,CPHCP-64,24.7,0.0,24.0,0.0,0.7,60.0,57.3,56.0,1.3,45.333332,0.0,0.0,0.0
191,CPHCP-66,2.7,0.0,46.6,0.0,15.3,44.6,58.0,43.4,14.6,53.333332,0.0,0.0,0.0
192,CPHCP-67,1.3,0.0,55.4,0.0,5.3,82.0,49.0,24.8,24.2,63.333332,0.0,0.0,0.0
193,CPHCP-72,16.0,0.0,50.7,0.0,4.7,52.7,56.8,41.4,15.4,46.0,0.0,1.33,0.0
194,CPHCP-77,5.4,0.0,66.0,0.0,6.7,58.7,57.4,29.3,28.1,34.0,0.0,0.0,0.0
195,CPHCP-78,11.1,0.0,50.3,0.0,1.5,63.0,39.9,21.5,18.4,29.63,0.0,10.37,0.0
196,CPID-23,6.7,0.0,0.0,0.0,0.7,2.7,0.0,0.0,0.0,1.3333334,0.0,0.0,88.666664
197,CPID-2B,0.0,0.0,0.0,0.0,1.3,2.0,0.0,0.0,0.0,0.0,0.0,0.0,96.666664
198,CPID-30,13.3,0.0,0.0,0.0,6.0,7.4,1.4,1.4,0.0,13.333333,0.0,0.0,66.666664
199,CPID-34,2.0,0.0,0.0,0.0,0.7,0.7,0.0,0.0,0.0,3.3333333,0.0,0.0,94.0
200,CPID-38,9.4,0.0,3.3,0.0,0.7,4.7,0.0,0.0,0.0,13.333333,0.0,0.0,73.333336
201,CPID-52,3.3,0.0,0.0,0.0,0.0,14.0,0.0,0.0,0.0,3.3333333,0.0,0.0,79.333336
202,CPID-53,10.0,0.0,0.7,0.0,2.7,8.6,3.4,3.4,0.0,14.0,0.0,0.0,62.666668
203,CPID-56,3.3,0.0,0.0,0.0,0.0,9.4,0.0,0.0,0.0,6.0,0.0,0.0,82.666664
204,CPID-61,4.0,0.0,0.0,0.0,0.7,13.5,0.0,0.0,0.0,6.6666665,0.0,0.0,77.333336
205,CPID-62,0.7,0.0,0.0,0.0,1.4,7.4,0.0,0.0,0.0,6.0,0.0,0.0,85.333336
206,CPID-63,6.7,0.0,0.0,0.0,4.0,13.9,0.0,0.0,0.0,4.6666665,0.0,0.0,72.666664
207,CPID-64,3.3,0.0,0.0,0.0,0.0,8.6,0.0,0.0,0.0,2.0,0.0,0.0,86.666664
208,FLST-1,50.7,0.0,19.9,0.0,9.4,42.7,0.7,0.7,0.0,58.666668,0.0,0.0,0.0
209,FLST-2,59.3,0.0,24.0,0.0,12.7,17.4,0.0,0.0,0.0,50.0,0.0,0.6666667,0.0
210,FLST-3,76.1,0.0,18.3,0.0,13.9,11.4,2.1,2.1,0.0,56.462585,0.0,0.0,0.0
211,FLST-34,70.7,0.0,8.7,0.0,1.4,14.7,69.4,68.7,0.7,30.666666,0.0,1.3333334,0.0
212,FLST-40,90.0,0.0,6.0,0.0,32.0,6.0,76.7,75.4,1.3,24.0,0.0,1.3333334,0.0
213,FLST-44,68.0,0.0,36.7,0.0,6.7,13.4,92.2,84.8,7.4,41.333332,0.0,0.0,0.0
214,FLST-46,100.7,0.0,4.7,0.0,42.1,29.3,43.4,42.1,1.3,48.666668,0.0,0.0,0.0
215,FLST-51,70.7,0.0,4.0,0.0,6.1,81.2,56.7,54.6,2.1,50.666668,0.0,0.6666667,0.0
216,FLST-58-new,55.3,0.0,0.0,0.0,5.3,50.7,60.8,60.1,0.7,49.333332,0.0,0.6666667,0.0
217,FLST-59-new,53.4,0.0,16.0,0.0,12.0,22.0,70.1,68.7,1.4,48.666668,0.0,0.0,0.0
218,FLST-66,40.0,0.0,38.7,0.0,7.3,52.7,59.5,53.4,6.1,59.333332,0.0,0.0,0.0
219,FLST-67,71.9,0.0,4.0,0.0,13.4,65.3,34.7,30.0,4.7,58.0,0.0,0.0,0.0
220,FLST-71,71.8,0.0,19.2,0.0,0.0,8.4,81.4,80.0,1.4,43.33,0.0,0.0,0.0
221,FLST-75,88.7,0.0,16.7,0.0,33.4,16.0,50.1,49.4,0.7,60.67,0.0,0.0,0.0
222,FLST-80,88.0,0.0,9.9,0.0,24.7,32.0,67.3,67.3,0.0,43.33,0.0,0.0,0.0
223,FMTT-1,29.3,0.0,37.5,0.0,4.7,34.7,4.1,3.4,0.7,44.89796,0.0,0.0,0.0
224,FMTT-26,25.3,0.0,52.7,0.0,6.0,68.7,70.9,54.1,16.8,22.0,0.0,0.0,0.0
225,FMTT-28,21.3,0.0,49.0,0.0,2.2,72.0,64.1,45.5,18.6,36.0,0.0,0.0,0.0
226,FMTT-41,22.6,0.0,60.6,0.0,3.4,58.7,68.0,57.4,10.6,28.666666,0.0,0.0,0.0
227,FMTT-45,18.1,0.0,62.7,0.0,13.3,70.7,66.1,55.4,10.7,34.0,0.0,0.0,0.0
228,FMTT-51,45.3,0.0,36.7,0.0,0.0,32.1,79.5,76.1,3.4,41.333332,0.0,0.0,0.0
229,FMTT-52,20.0,0.0,66.7,0.0,6.0,73.3,65.4,52.0,13.4,52.0,0.0,0.0,0.0
230,FMTT-53,48.0,0.0,1.3,0.0,10.0,42.0,71.2,68.5,2.7,50.0,0.0,0.0,0.0
231,FMTT-55,33.4,0.0,35.3,0.0,8.1,45.4,72.2,69.5,2.7,42.666668,0.0,0.0,0.0
232,FMTT-5B,14.2,0.0,43.5,0.0,2.3,37.4,18.2,3.0,15.2,40.816326,0.0,0.0,0.0
233,FMTT-61,24.0,0.0,56.0,0.0,4.7,45.3,63.5,53.4,10.1,42.666668,0.0,0.0,0.0
234,FMTT-66,33.3,0.0,68.7,0.0,2.0,54.7,52.7,44.7,8.0,53.333332,0.0,0.0,0.0
235,FMTT-67,46.0,0.0,37.3,0.0,2.1,60.0,53.5,47.5,6.0,64.0,0.0,0.0,0.0
236,FMTT-71,28.6,0.0,3.3,0.0,6.7,106.8,35.5,34.8,0.7,78.0,0.0,0.0,0.0
237,FMTT-75,10.7,0.0,63.2,0.0,8.0,66.7,66.7,60.7,6.0,52.67,0.0,0.0,0.0
238,FWMM-24,16.0,0.0,7.4,0.0,0.0,50.0,28.8,28.1,0.7,21.333334,0.0,22.666666,0.0
239,FWMM-2B,12.6,0.0,6.0,0.0,1.3,23.9,4.7,2.0,2.7,22.666666,0.0,6.0,0.0
240,FWMM-32,15.3,0.0,0.0,0.0,0.0,71.3,61.4,61.4,0.0,8.666667,0.0,0.0,0.0
241,FWMM-50,36.0,0.0,0.0,0.0,0.0,111.4,70.1,70.1,0.0,12.666667,0.0,1.3333334,0.0
242,FWMM-51,26.0,0.0,0.0,0.0,0.0,89.4,96.0,94.7,1.3,8.666667,0.0,0.6666667,0.0
243,FWMM-51a,2.7,0.0,9.4,0.0,0.0,102.0,29.9,27.9,2.0,10.666667,0.0,9.333333,0.0
244,FWMM-53,4.0,0.0,6.0,0.0,2.0,45.4,63.2,63.2,0.0,8.666667,0.0,0.6666667,0.0
245,FWMM-54,4.7,0.0,0.0,0.0,6.0,131.4,22.6,22.6,0.0,13.333333,0.0,7.3333335,0.0
246,FWMM-59,3.3,0.0,0.0,0.0,7.3,82.7,8.1,8.1,0.0,7.3333335,0.0,4.0,0.0
247,FWMM-5B,14.0,0.0,2.0,0.0,2.7,76.8,3.4,2.1,1.3,48.0,0.0,4.0,0.0
248,FWMM-66,22.1,0.0,4.7,0.0,2.1,60.7,70.1,70.1,0.0,28.666666,0.0,0.0,0.0
249,FWMM-79,4.6,0.0,0.0,0.0,3.3,96.0,38.6,38.6,0.0,71.33,0.0,2.67,0.0
250,FWMM-80,3.3,0.0,0.0,0.0,0.0,100.0,17.3,17.3,0.0,9.33,0.0,18.67,0.0
251,SSBWM-51,5.4,0.0,1.3,0.0,0.0,46.7,22.7,22.0,0.7,4.0,0.0,40.666668,0.0
252,SSBWM-52,4.7,0.0,4.0,0.0,1.3,40.0,26.7,24.7,2.0,3.3333333,0.0,46.0,0.0
253,SSBWM-53,0.7,0.0,0.0,0.0,0.0,46.1,4.7,4.7,0.0,13.422819,0.0,55.033558,0.0
254,SSBWM-54,1.3,0.0,0.7,0.0,0.0,29.3,11.4,11.4,0.0,2.0,0.0,63.333332,0.0
255,SSBWM-55,5.3,0.0,28.0,0.0,1.3,66.2,66.7,58.6,8.1,17.333334,0.0,14.0,0.0
256,SSBWM-57,24.7,0.0,14.7,0.0,0.0,78.1,71.6,66.1,5.5,24.0,0.0,6.0,0.0
257,SSBWM-61,16.1,0.0,11.9,0.0,0.0,76.6,47.3,37.4,9.9,48.0,0.0,0.0,0.0
258,SSBWM-66,2.7,0.0,3.3,0.0,1.4,44.1,25.9,25.2,0.7,30.0,0.7,2.6666667,0.0
259,SSBWM-67,2.7,0.0,22.0,0.0,2.6,62.7,62.1,55.4,6.7,21.333334,0.0,10.666667,0.0
260,SSBWM-69,2.7,0.0,14.0,0.0,2.7,65.4,25.4,18.7,6.7,51.333332,0.0,2.6666667,0.0
261,SSBWM-70,11.4,0.0,18.7,0.0,0.0,89.4,54.0,41.4,12.6,24.0,0.0,0.0,0.0
262,SSMT-51,2.0,0.0,19.3,0.0,2.0,72.0,60.0,30.6,29.4,38.0,0.0,0.0,0.0
263,SSMT-52,11.4,0.0,27.3,0.0,2.0,55.3,102.8,82.8,20.0,34.666668,0.0,0.0,0.0
264,SSMT-53,1.3,0.0,35.3,0.0,0.7,88.7,77.6,66.8,10.8,31.333334,0.0,0.0,0.0
265,SSMT-54,0.0,0.0,30.0,0.0,2.0,62.7,50.1,38.8,11.3,52.666668,0.0,0.0,0.0
266,SSMT-57,1.3,0.0,41.3,0.0,0.7,66.6,102.2,50.0,52.2,50.0,0.0,0.0,0.0
267,SSMT-59,0.0,0.0,39.3,0.0,3.3,39.3,56.2,34.1,22.1,76.666664,0.0,0.0,0.0
268,SSMT-61,12.1,0.0,45.3,0.0,4.1,82.0,70.0,42.0,28.0,64.0,0.0,0.0,0.0
269,SSMT-62,6.7,0.0,55.4,0.0,0.0,74.7,68.6,38.0,30.6,35.333332,0.0,0.0,0.0
270,SSMT-66,7.4,0.0,50.0,0.0,1.4,95.4,80.2,38.1,42.1,56.666668,0.0,0.0,0.0
271,SSMT-67,12.7,0.0,37.3,0.0,8.0,67.4,79.5,48.0,31.5,46.666668,0.0,0.0,0.0
272,SSMT-69,7.4,0.0,58.8,0.0,12.7,52.7,63.7,29.5,34.2,38.0,0.0,1.3333334,0.0
273,TMCD-1B,0.0,0.0,0.0,0.0,0.7,43.3,0.0,0.0,0.0,0.0,0.0,14.666667,36.666668
274,TMCD-3,0.0,0.0,0.0,0.0,0.7,4.0,0.0,0.0,0.0,4.6666665,0.0,0.0,91.333336
275,TMCW-1,8.0,0.0,0.0,0.0,1.4,60.1,4.1,3.4,0.7,21.476511,0.0,0.67114097,0.0
276,TMCW-24,2.7,0.0,0.0,0.0,4.0,72.0,58.6,58.6,0.0,6.6666665,0.0,0.6666667,6.6666665
277,TMCW-3,0.0,0.0,0.0,0.0,5.3,68.7,0.0,0.0,0.0,0.6666667,0.0,8.0,17.333334
278,TMCW-40,0.0,0.0,0.0,0.0,4.7,46.0,4.7,4.7,0.0,4.0,0.0,24.666666,26.0
279,TMCW-53,11.3,0.0,0.0,0.0,3.4,92.7,8.6,8.6,0.0,14.666667,0.0,12.666667,0.0
280,TMCW-55,20.7,0.0,6.0,0.0,6.7,89.4,57.4,57.4,0.0,56.666668,0.0,0.0,0.0
281,TMCW-55B,0.0,0.0,0.0,0.0,0.0,100.0,0.0,0.0,0.0,24.0,0.0,0.0,0.0
282,TMCW-58,16.7,0.0,0.0,0.0,50.7,25.4,66.0,66.0,0.0,23.333334,0.0,0.6666667,16.666666
283,TMCW-5B,3.3,0.0,0.0,0.0,0.0,33.4,0.0,0.0,0.0,9.333333,0.0,46.666668,1.3333334
284,TMCW-61,0.0,0.0,0.0,0.0,18.7,45.3,20.7,20.7,0.0,28.666666,0.0,6.0,10.0
285,TMCW-63,0.0,0.0,0.0,0.0,18.0,82.0,0.0,0.0,0.0,16.0,0.0,0.0,24.666666
286,TMCW-64,0.0,0.0,0.0,0.0,15.4,63.3,0.0,0.0,0.0,38.0,1.3,0.0,23.333334
287,TMCW-67,0.0,0.0,0.0,0.0,6.7,58.7,0.0,0.0,0.0,14.666667,0.0,0.0,46.0
288,TMCW-68,18.0,0.0,0.0,0.0,2.1,76.0,24.7,21.3,3.4,64.0,0.0,0.6666667,0.6666667
289,TMCW-71,0.7,0.0,0.0,0.0,1.3,44.7,0.7,0.7,0.0,17.33,0.0,23.33,29.33
290,TMCW-72,0.0,0.0,0.0,0.0,17.4,85.3,1.3,1.3,0.0,14.0,64.0,0.67,0.0
291,TMCW-73,5.3,0.0,0.0,0.0,2.7,86.0,17.4,17.4,0.0,52.0,0.0,10.67,1.33
292,14-1,38.6,0.0,0.0,0.0,3.55,62.5,1.1,1.1,0.0,5.0,0.0,0.0,30.0
293,14-2,0.0,0.0,0.0,0.0,0.0,15.0,0.0,0.0,0.0,1.0,0.0,0.0,80.0
294,14-3,0.0,0.0,0.0,0.0,0.0,65.5,0.0,0.0,0.0,7.0,0.0,0.0,42.0
295,14-4,33.0,0.0,37.5,0.0,1.2,41.05,55.4,55.4,0.0,15.0,0.0,0.0,0.0
296,14-5,0.55,0.0,0.0,0.0,3.6,43.5,42.15,42.15,0.0,5.0,0.0,0.0,0.0
297,2010-01,29.13,0.0,0.4,0.0,2.56,8.52,34.97,34.83,0.14,0.0,0.0,0.0,0.0
298,2010-0206,0.0,0.0,0.0,0.0,0.0,0.0,0.0,0.0,0.0,28.0,0.0,0.0,0.0
299,2010-0208,0.0,0.0,0.0,0.0,0.0,0.0,0.0,0.0,0.0,31.0,0.0,0.0,0.0
300,2010-0401,0.0,0.0,0.0,0.0,0.0,0.0,0.0,0.0,0.0,26.0,0.0,0.0,0.0
301,2010-0402,0.0,0.0,0.0,0.0,0.0,0.0,0.0,0.0,0.0,5.0,0.0,6.0,0.0
302,2010-0404,0.0,0.0,0.0,0.0,0.0,0.0,0.0,0.0,0.0,28.0,0.0,0.0,0.0
303,2010-0405,0.0,0.0,0.0,0.0,0.0,0.0,0.0,0.0,0.0,19.0,0.0,8.0,4.0
304,2010-0406,0.0,0.0,0.0,0.0,0.0,0.0,0.0,0.0,0.0,24.0,0.0,0.0,0.0
305,2010-0407,0.0,0.0,0.0,0.0,0.0,0.0,0.0,0.0,0.0,29.0,0.0,7.0,0.0
306,2010-0408,0.0,0.0,0.0,0.0,0.0,0.0,0.0,0.0,0.0,9.0,0.0,8.0,0.0
307,2010-0409,0.0,0.0,0.0,0.0,0.0,0.0,0.0,0.0,0.0,18.0,0.0,50.0,0.0
308,2010-0410,0.0,0.0,0.0,0.0,0.0,0.0,0.0,0.0,0.0,5.0,0.0,3.0,0.0
309,2010-0412,0.0,0.0,0.0,0.0,0.0,0.0,0.0,0.0,0.0,29.0,0.0,3.0,0.0
310,2010-05,0.0,0.0,0.0,0.0,27.4,41.1,18.94,17.41,1.53,0.0,0.0,0.0,0.0
311,2010-08,9.2,0.0,29.4,0.0,0.51,4.81,38.82,17.91,20.91,0.0,0.0,0.0,0.0
312,2010-09,14.7,0.0,8.9,0.0,9.11,13.9,81.5,76.3,5.2,0.0,0.0,0.0,0.0
313,2010-13,0.01,0.0,0.0,0.0,5.71,30.0,21.42,21.42,0.0,0.0,0.0,0.0,0.0
314,2010-1302,29.7,0.0,0.0,0.0,28.71,19.6,48.56,35.4,13.16,16.0,0.0,0.0,0.0
315,2010-1303,9.1,0.0,0.0,0.0,0.63,19.6,46.03,45.5,0.53,30.0,0.0,0.0,0.0
316,2010-1304,21.2,0.0,0.0,0.0,3.33,21.82,32.03,28.5,3.53,28.0,0.0,0.0,0.0
317,2010-1306,24.8,0.0,0.0,0.0,15.14,14.62,69.91,18.9,51.01,16.0,0.0,0.0,2.0
318,2010-1308,21.1,0.0,0.0,0.0,29.9,6.9,59.11,15.5,43.61,12.0,0.0,0.0,2.0
319,2010-1309,0.01,0.0,0.0,0.0,27.04,42.1,28.23,25.3,2.93,33.0,0.0,0.0,0.0
320,2010-1310,0.0,0.0,0.0,0.0,0.0,26.2,0.0,0.0,0.0,3.0,0.0,72.0,0.0
321,2010-1311,0.0,0.0,0.0,0.0,0.0,27.4,3.7,3.7,0.0,22.0,0.0,51.0,0.0
322,2010-1312,21.5,0.0,0.0,0.0,3.31,21.12,51.4,23.6,27.8,0.0,0.0,0.0,0.0
323,2010-1313,0.0,0.0,0.0,0.0,13.51,49.7,38.91,38.2,0.71,7.0,0.0,12.0,0.0
324,2010-1314,0.0,0.0,0.0,0.0,0.0,26.0,0.0,0.0,0.0,11.0,0.0,64.0,0.0
325,2010-1315,0.31,0.0,0.0,0.0,1.91,30.6,46.93,44.0,2.93,31.0,0.0,0.0,0.0
326,2010-1316,12.5,0.0,0.0,0.0,11.74,21.02,71.2,42.9,28.3,17.0,0.0,0.0,0.0
327,2010-1318,0.0,0.0,0.0,0.0,17.71,19.8,66.52,33.4,33.12,24.0,0.0,0.0,0.0
328,2010-1319,0.0,0.0,0.0,0.0,7.5,38.5,0.2,0.2,0.0,3.0,0.0,69.0,0.0
329,2010-1320,0.0,0.0,0.0,0.0,3.61,37.72,0.0,0.0,0.0,1.0,0.0,75.0,0.0
330,2010-1321,0.01,0.0,4.3,0.0,26.9,27.3,36.2,4.3,31.9,29.0,0.0,0.0,2.0
331,2010-1322,6.7,0.0,0.0,0.0,10.14,49.1,54.5,54.1,0.4,9.0,0.0,1.0,4.0
332,2010-1323,0.0,0.0,0.0,0.0,8.12,18.82,72.62,41.8,30.82,21.0,0.0,0.0,0.0
333,2010-1324,0.0,0.0,0.0,0.0,1.13,21.01,72.81,21.3,51.51,25.0,0.0,0.0,1.0
334,2010-1325,0.0,0.0,0.0,0.0,7.22,25.1,52.6,13.8,38.8,33.0,0.0,0.0,0.0
335,2010-14,7.51,0.0,0.0,0.0,2.11,5.8,6.65,6.2,0.45,0.0,0.0,0.0,0.0
336,2010-16,42.31,0.0,13.6,0.0,2.11,14.6,24.08,13.23,10.85,0.0,0.0,0.0,0.0
337,2010-17,13.9,0.0,7.3,0.0,5.93,13.9,35.34,27.01,8.33,0.0,0.0,0.0,0.0
338,2010-18,5.5,0.0,0.0,0.0,2.83,37.61,31.83,31.82,0.01,0.0,0.0,0.0,0.0
339,2010-19,17.3,0.0,5.81,0.0,16.91,16.51,46.52,18.2,28.32,0.0,0.0,0.0,0.0
340,2010-22,3.61,0.0,0.9,0.0,4.5,11.4,163.71,163.41,0.3,0.0,0.0,0.0,0.0
341,2010-24,7.2,0.0,12.3,0.0,24.51,11.6,67.55,46.3,21.25,0.0,0.0,0.0,0.0
342,2010-25,47.1,0.0,0.01,0.0,3.31,13.8,48.63,34.6,14.03,0.0,0.0,0.0,0.0
343,2010-28,0.7,0.0,0.0,0.0,2.82,4.41,63.35,30.42,32.93,0.0,0.0,0.0,0.0
344,2010-31,3.41,0.0,10.0,0.0,1.3,17.2,63.13,59.92,3.21,0.0,0.0,0.0,0.0
345,2010-32,1.2,0.0,20.9,0.0,0.3,25.4,48.92,29.21,19.71,0.0,0.0,0.0,0.0
346,2010-38,7.7,0.0,14.1,0.0,3.31,5.81,48.6,20.0,28.6,0.0,0.0,0.0,0.0
347,2010-42,18.2,0.0,4.31,0.0,6.71,7.51,84.53,78.72,5.81,0.0,0.0,0.0,0.0
348,2010-44,12.3,0.0,21.7,0.0,4.11,5.0,70.14,69.01,1.13,0.0,0.0,0.0,0.0
349,2010-45,2.02,0.0,0.0,0.0,0.3,27.3,63.52,63.52,0.0,0.0,0.0,0.0,0.0
350,2010-46,0.01,0.0,0.0,0.0,0.7,23.5,44.02,44.02,0.0,0.0,0.0,0.0,0.0
351,2010-48,11.8,0.0,13.0,0.0,0.0,23.1,53.42,41.12,12.3,0.0,0.0,0.0,0.0
352,2010-49,0.0,0.0,30.6,0.0,1.9,19.6,43.02,23.01,20.01,0.0,0.0,0.0,0.0
353,2010-50,24.3,0.0,17.0,0.0,0.21,25.9,49.14,46.73,2.41,0.0,0.0,0.0,0.0
354,2010-51,1.0,0.0,25.41,0.0,4.9,13.5,66.64,43.5,23.14,0.0,0.0,0.0,0.0
355,2010-53,1.3,0.0,5.5,0.0,1.8,3.71,37.85,14.71,23.14,0.0,0.0,0.0,0.0
356,2010-54,11.7,0.0,17.3,0.0,0.0,12.81,72.82,57.51,15.31,0.0,0.0,0.0,0.0
357,2010-55,0.0,0.0,15.2,0.0,1.5,21.02,43.69,28.13,15.56,0.0,0.0,0.0,0.0
358,2010-56,5.4,0.0,11.0,0.0,0.3,20.2,53.92,36.8,17.12,0.0,0.0,0.0,0.0
359,2010-58,0.81,0.0,5.61,0.0,8.34,4.61,19.54,12.9,6.64,0.0,0.0,0.0,0.0
360,2010-59,10.5,0.0,24.0,0.0,9.32,8.42,43.53,15.82,27.71,0.0,0.0,0.0,0.0
361,A1C,0.0,0.0,0.0,0.0,0.0,48.825,5.025,5.025,0.0,0.0,0.0,0.0,48.0
362,A1E,0.0,0.0,0.0,0.0,2.0,71.3,34.725,25.0,9.725,0.0,0.0,0.0,21.0
363,A1T,0.0,0.0,0.0,0.0,0.0,24.0,90.0,90.0,0.0,0.0,0.0,0.0,0.0
364,A2C,0.0,0.0,0.0,0.0,0.025,37.5,7.25,7.25,0.0,0.0,0.0,0.0,55.0
365,A2E,0.0,0.0,0.0,0.0,2.25,37.275,70.6,55.0,15.6,0.0,0.0,0.0,0.0
366,A2T,0.0,0.0,0.0,0.0,0.0,40.525,32.5,32.5,0.0,0.0,0.0,0.0,30.0
367,A3C,0.0,0.0,0.0,0.0,0.0,29.025,16.75,16.75,0.0,0.0,0.0,0.0,55.0
368,A3E,0.0,0.0,0.0,0.0,8.0,44.0,72.325,62.0,10.325,0.0,0.0,0.0,0.0
369,A3T,0.0,0.0,0.0,0.0,0.0,38.25,52.5,52.5,0.0,0.0,0.0,0.0,10.0
370,A4C,0.0,0.0,0.0,0.0,0.0,20.275,12.0,12.0,0.0,0.0,0.0,0.0,71.0
371,A4E,0.0,0.0,0.0,0.0,1.0,51.775,79.675,49.75,29.925,0.0,0.0,0.0,0.0
372,A4T,0.0,0.0,0.0,0.0,5.25,40.75,80.275,80.025,0.25,0.0,0.0,0.0,0.0
373,ATQ_I11,0.0,0.0,10.0,0.0,5.0,28.1,71.6,70.1,1.5,5.0,0.0,0.0,0.0
374,ATQ_I14,5.0,0.0,6.0,0.0,3.0,26.0,61.4,55.0,6.4,5.0,0.0,0.0,10.0
375,ATQ_I17,0.0,0.0,30.0,0.0,5.0,11.1,60.5,55.1,5.4,3.0,0.0,0.0,5.0
376,ATQ_I19,31.0,0.0,40.0,0.0,0.0,6.1,57.7,55.2,2.5,5.0,0.0,0.0,0.0
377,ATQ_I2,0.0,0.0,13.0,0.0,20.0,6.2,74.6,54.0,20.6,5.0,0.0,0.0,0.0
378,ATQ_I21,11.0,0.0,25.0,0.0,3.0,35.0,30.5,24.0,6.5,5.0,0.0,0.0,5.0
379,ATQ_I23,0.0,0.0,35.0,0.0,40.1,16.0,11.5,6.0,5.5,5.0,0.0,0.0,0.0
380,ATQ_I26,40.0,0.0,25.0,0.0,2.0,18.0,30.6,28.1,2.5,5.0,0.0,0.0,0.0
381,ATQ_I29,8.0,0.0,23.0,0.0,1.0,0.0,91.5,91.0,0.5,10.0,0.0,0.0,0.0
382,ATQ_I8,16.0,0.0,15.0,0.0,10.1,4.0,90.7,90.0,0.7,5.0,0.0,0.0,0.0
383,ATQ_T1,0.0,0.0,20.0,0.0,20.1,36.2,40.5,35.1,5.4,1.0,0.0,0.0,0.0
384,ATQ_T13,1.0,0.0,30.0,0.0,10.0,36.1,17.4,11.0,6.4,3.0,0.0,0.0,5.0
385,ATQ_T16,0.0,0.0,15.0,0.0,3.0,29.0,50.8,29.0,21.8,5.0,0.0,0.0,10.0
386,ATQ_T19,0.0,0.0,40.0,0.0,15.0,29.1,17.5,11.0,6.5,1.0,0.0,0.0,10.0
387,ATQ_T22,0.0,0.0,35.0,0.0,3.0,27.1,42.5,30.0,12.5,5.0,0.0,0.0,5.0
388,ATQ_T25,0.0,0.0,25.0,0.0,5.1,41.2,39.4,35.0,4.4,3.0,0.0,0.0,3.0
389,ATQ_T26,3.0,0.0,14.0,0.0,5.0,38.0,30.3,28.0,2.3,5.0,0.0,0.0,5.0
390,ATQ_T28,0.0,0.0,30.0,0.0,5.0,40.2,11.6,6.1,5.5,0.0,0.0,0.0,5.0
391,ATQ_T3,0.0,0.0,35.0,0.0,15.0,30.1,49.4,44.0,5.4,0.0,0.0,0.0,0.0
392,ATQ_T7,0.0,0.0,35.0,0.0,3.0,23.2,34.4,26.0,8.4,3.0,0.0,0.0,10.0
393,ATQ_W12,0.0,0.0,0.0,0.0,0.0,25.0,0.0,0.0,0.0,5.0,0.0,100.0,0.0
394,ATQ_W14,0.0,0.0,0.0,0.0,0.0,20.0,0.0,0.0,0.0,20.0,0.0,100.0,0.0
395,ATQ_W16,0.0,0.0,0.0,0.0,0.0,14.1,0.0,0.0,0.0,0.0,0.0,100.0,0.0
396,ATQ_W18,0.0,0.0,0.0,0.0,0.0,21.0,0.0,0.0,0.0,5.0,0.0,100.0,0.0
397,ATQ_W21,1.0,0.0,0.0,0.0,0.0,18.0,0.0,0.0,0.0,45.0,0.0,0.0,0.0
398,ATQ_W24,0.1,0.0,0.1,0.0,0.0,35.0,5.0,5.0,0.0,35.0,0.0,50.0,0.0
399,ATQ_W27,3.0,0.0,0.0,0.0,0.0,25.1,0.2,0.2,0.0,0.0,0.0,0.0,0.0
400,ATQ_W3,0.0,0.0,0.0,0.0,0.0,60.0,0.0,0.0,0.0,15.0,0.0,60.0,0.0
401,ATQ_W30,0.0,0.0,0.0,0.0,0.0,25.1,0.0,0.0,0.0,0.0,0.0,100.0,0.0
402,ATQ_W6,0.0,0.0,0.0,0.0,0.0,50.0,0.0,0.0,0.0,15.0,0.0,100.0,0.0
403,B1C,0.0,0.0,0.0,0.0,0.275,10.85,69.025,41.5,27.525,0.0,0.0,0.0,30.0
404,B1E,0.0,0.0,0.0,0.0,0.75,11.75,78.875,44.0,34.875,0.0,0.0,0.0,13.0
405,B1T,0.0,0.0,0.0,0.0,0.0,16.75,34.5,34.5,0.0,0.0,0.0,0.0,53.0
406,B2C,0.0,0.0,20.0,0.0,0.0,20.25,55.025,17.75,37.275,0.0,0.0,0.0,20.0
407,B2E,0.0,0.0,0.0,0.0,11.775,19.25,68.575,42.25,26.325,0.0,0.0,0.0,10.0
408,B2T,0.0,0.0,0.0,0.0,0.025,27.25,76.25,76.25,0.0,0.0,0.0,0.0,0.0
409,B3C,0.0,0.0,30.0,0.0,5.75,30.0,44.0,7.75,36.25,0.0,0.0,0.0,0.0
410,B3E,0.0,0.0,1.0,0.0,8.5,24.275,76.025,48.5,27.525,0.0,0.0,0.0,0.0
411,B3T,0.0,0.0,0.0,0.0,42.775,28.5,26.5,21.5,5.0,0.0,0.0,0.0,9.0
412,B4C,0.0,0.0,0.0,0.0,0.0,43.75,49.25,8.75,40.5,0.0,0.0,0.0,8.0
413,B4E,0.0,0.0,0.0,0.0,0.0,46.0,57.75,37.5,20.25,0.0,0.0,0.0,4.0
414,B4T,0.0,0.0,0.0,0.0,1.275,32.5,80.75,80.75,0.0,0.0,0.0,0.0,0.0
415,BEO_FC1,0.0,0.0,0.0,0.0,1.0,32.0,92.4,75.0,17.4,30.0,0.0,0.0,0.0
416,BEO_FC10,0.0,0.0,0.0,0.0,0.1,18.3,99.4,80.0,19.4,20.0,0.0,0.0,0.0
417,BEO_FC13,0.0,0.0,0.0,0.0,1.0,8.0,88.3,75.0,13.3,20.0,0.0,0.0,0.0
418,BEO_FC17,0.0,0.0,0.0,0.0,0.0,16.0,98.2,86.0,12.2,20.0,0.0,0.0,0.0
419,BEO_FC19,0.0,0.0,0.0,0.0,0.1,14.1,63.4,63.1,0.3,40.0,0.0,0.0,0.0
420,BEO_FC22,0.0,0.0,0.0,0.0,0.1,6.0,12.4,2.2,10.2,80.0,0.0,0.0,5.0
421,BEO_FC24,0.0,0.0,0.0,0.0,0.2,14.1,70.6,65.0,5.6,30.0,0.0,0.0,0.0
422,BEO_FC26,0.0,0.0,0.0,0.0,0.0,15.2,61.2,61.0,0.2,25.0,0.0,0.0,0.0
423,BEO_FC4,0.0,0.0,0.0,0.0,0.2,18.2,85.5,81.0,4.5,20.0,0.0,0.0,0.0
424,BEO_FC7,0.0,0.0,0.0,0.0,10.0,12.2,86.3,75.0,11.3,15.0,0.0,0.0,0.0
425,BEO_HC10,0.0,0.0,0.0,0.0,0.1,3.1,29.4,25.0,4.4,70.0,0.0,0.0,0.0
426,BEO_HC12,0.0,0.0,0.0,0.0,3.1,15.1,39.6,35.1,4.5,30.0,0.0,0.0,15.0
427,BEO_HC13,0.0,0.0,0.0,0.0,0.0,3.4,89.5,80.0,9.5,3.0,0.0,0.0,10.0
428,BEO_HC14,0.0,0.0,0.0,0.0,0.0,4.1,106.3,80.0,26.3,5.0,0.0,0.0,0.0
429,BEO_HC17,0.0,0.0,0.0,0.0,1.0,16.0,34.4,31.0,3.4,50.0,0.0,0.0,0.0
430,BEO_HC20,0.0,0.0,0.0,0.0,1.3,5.2,72.8,65.1,7.7,20.0,0.0,0.0,0.0
431,BEO_HC22,0.0,0.0,0.0,0.0,11.1,12.0,66.3,60.0,6.3,20.0,0.0,0.0,0.0
432,BEO_HC24,0.0,0.0,0.0,0.0,13.3,7.0,62.5,60.0,2.5,10.0,0.0,0.0,20.0
433,BEO_HC5,0.0,0.0,20.0,0.0,0.0,8.3,72.4,45.1,27.3,10.0,0.0,0.0,0.0
434,BEO_HC7,0.0,0.0,0.0,0.0,0.0,8.2,67.5,65.0,2.5,20.0,0.0,0.0,5.0
435,BEO_LC1,0.0,0.0,0.0,0.0,0.0,35.0,35.0,35.0,0.0,10.0,0.0,90.0,0.0
436,BEO_LC11,0.0,0.0,0.0,0.0,0.1,15.0,23.0,23.0,0.0,10.0,0.0,30.0,25.0
437,BEO_LC15,0.0,0.0,0.0,0.0,0.0,23.0,6.0,6.0,0.0,0.0,0.0,100.0,0.0
438,BEO_LC16,0.0,0.0,0.0,0.0,0.0,20.0,0.0,0.0,0.0,0.0,0.0,100.0,0.0
439,BEO_LC19,0.0,0.0,0.0,0.0,0.0,30.0,0.0,0.0,0.0,10.0,0.0,100.0,0.0
440,BEO_LC27,0.0,0.0,0.0,0.0,0.0,15.0,0.0,0.0,0.0,3.0,0.0,100.0,0.0
441,BEO_LC30,0.0,0.0,0.0,0.0,0.0,0.0,0.0,0.0,0.0,0.0,0.0,100.0,0.0
442,BEO_LC4,0.0,0.0,0.0,0.0,0.0,51.0,81.0,81.0,0.0,10.0,0.0,100.0,0.0
443,BEO_LC6,0.0,0.0,0.0,0.0,0.0,10.1,13.1,13.1,0.0,0.0,0.0,35.0,50.0
444,BEO_LC8,0.0,0.0,0.0,0.0,0.0,11.0,0.0,0.0,0.0,0.0,0.0,100.0,0.0
445,BEO_R11,0.0,0.0,0.0,0.0,0.2,12.1,53.4,46.0,7.4,40.0,0.0,0.0,0.0
446,BEO_R14,0.0,0.0,0.0,0.0,0.1,11.0,103.4,94.0,9.4,10.0,0.0,0.0,0.0
447,BEO_R17,0.0,0.0,0.0,0.0,0.0,9.1,92.8,82.0,10.8,10.0,0.0,0.0,0.0
448,BEO_R2,0.0,0.0,0.0,0.0,10.0,7.1,51.4,48.0,3.4,35.0,0.0,0.0,0.0
449,BEO_R20,0.0,0.0,0.0,0.0,0.0,15.1,90.4,85.0,5.4,20.0,0.0,0.0,5.0
450,BEO_R22,0.0,0.0,0.0,0.0,0.1,16.1,55.6,52.0,3.6,20.0,0.0,0.0,10.0
451,BEO_R25,0.0,0.0,0.0,0.0,0.1,11.2,94.5,85.0,9.5,15.0,0.0,0.0,0.0
452,BEO_R28,0.0,0.0,0.0,0.0,0.0,5.1,90.2,65.0,25.2,10.0,0.0,0.0,0.0
453,BEO_R4,0.0,0.0,0.0,0.0,0.0,19.0,57.8,53.0,4.8,25.0,0.0,0.0,10.0
454,BEO_R8,0.0,0.0,0.0,0.0,0.0,13.1,28.0,28.0,0.0,70.0,0.0,0.0,0.0
455,BEO_T1,0.0,0.0,0.0,0.0,10.0,17.1,0.0,0.0,0.0,0.0,0.0,85.0,0.0
456,BEO_T12,0.0,0.0,0.0,0.0,0.0,20.1,61.0,61.0,0.0,0.0,0.0,100.0,0.0
457,BEO_T13,0.0,0.0,0.0,0.0,0.0,41.0,90.0,90.0,0.0,0.0,0.0,10.0,0.0
458,BEO_T17,0.0,0.0,0.0,0.0,0.0,34.0,1.0,1.0,0.0,0.0,0.0,100.0,0.0
459,BEO_T19,0.0,0.0,0.0,0.0,0.0,15.0,100.0,100.0,0.0,10.0,0.0,100.0,0.0
460,BEO_T23,0.0,0.0,0.0,0.0,0.0,61.0,40.0,40.0,0.0,0.0,0.0,40.0,0.0
461,BEO_T28,0.0,0.0,0.0,0.0,0.0,50.0,70.0,70.0,0.0,0.0,0.0,100.0,0.0
462,BEO_T29,0.0,0.0,0.0,0.0,0.0,26.0,90.0,90.0,0.0,0.0,0.0,75.0,0.0
463,BEO_T5,0.0,0.0,0.0,0.0,0.0,17.1,100.0,100.0,0.0,0.0,0.0,10.0,0.0
464,BEO_T8,0.0,0.0,0.0,0.0,0.0,8.0,95.0,95.0,0.0,3.0,0.0,100.0,0.0
465,BES_W1,0.0,0.0,0.0,0.0,0.0,0.0,0.0,0.0,0.0,0.0,0.0,75.0,0.0
466,BES_W12,0.0,0.0,0.0,0.0,0.0,0.0,0.0,0.0,0.0,0.0,0.0,75.0,0.0
467,BES_W21,0.0,0.0,0.0,0.0,0.0,0.0,0.0,0.0,0.0,3.0,0.0,0.0,0.0
468,BES_W24,0.0,0.0,0.0,0.0,0.0,0.0,0.0,0.0,0.0,0.0,0.0,80.0,0.0
469,BES_W27,0.0,0.0,0.0,0.0,0.0,0.0,0.0,0.0,0.0,0.0,0.0,80.0,0.0
470,BES_W3,0.0,0.0,0.0,0.0,0.0,0.0,0.0,0.0,0.0,10.0,0.0,30.0,0.0
471,BES_W30,0.0,0.0,0.0,0.0,0.0,0.0,0.0,0.0,0.0,0.0,0.0,70.0,0.0
472,BES_W6,0.0,0.0,0.0,0.0,0.0,0.0,0.0,0.0,0.0,0.0,0.0,0.0,0.0
473,BES_W7,0.0,0.0,0.0,0.0,0.0,0.0,0.0,0.0,0.0,0.0,0.0,80.0,0.0
474,BES_W9,0.0,0.0,0.0,0.0,0.0,0.0,0.0,0.0,0.0,5.0,0.0,0.0,0.0
475,C1C,0.0,0.0,0.0,0.0,2.0,32.525,59.625,56.25,3.375,0.0,0.0,0.0,10.0
476,C1E,0.0,0.0,0.0,0.0,13.75,36.3,44.275,39.25,5.025,0.0,0.0,0.0,14.0
477,C1T,0.0,0.0,0.0,0.0,47.25,11.0,61.0,61.0,0.0,0.0,0.0,0.0,0.0
478,C2C,0.0,0.0,0.0,0.0,5.775,65.35,21.15,17.0,4.15,0.0,0.0,0.0,18.0
479,C2E,0.0,0.0,0.0,0.0,12.05,13.825,89.275,67.275,22.0,0.0,0.0,0.0,0.0
480,C2T,0.0,0.0,0.0,0.0,0.025,22.275,87.275,87.275,0.0,0.0,0.0,0.0,0.0
481,C3C,0.0,0.0,0.0,0.0,6.775,49.75,17.55,12.8,4.75,0.0,0.0,0.0,30.0
482,C3E,0.0,0.0,0.0,0.0,0.75,26.5,68.025,55.0,13.025,0.0,0.0,0.0,19.0
483,C3T,0.0,0.0,0.0,0.0,1.5,18.525,83.25,83.25,0.0,0.0,0.0,0.0,0.0
484,C4C,0.0,0.0,0.0,0.0,1.525,42.5,19.575,18.775,0.8,0.0,0.0,0.0,45.0
485,C4E,0.0,0.0,0.0,0.0,8.0,20.775,83.025,62.5,20.525,0.0,0.0,0.0,0.0
486,C4T,0.0,0.0,0.0,0.0,21.5,37.75,45.5,45.5,0.0,0.0,0.0,0.0,13.0
487,CMDL_B1,5.0,0.0,0.0,0.0,0.0,12.1,103.2,91.0,12.2,25.0,0.0,0.0,0.0
488,CMDL_B10,25.0,0.0,0.0,0.0,3.1,27.1,82.2,76.1,6.1,10.0,0.0,0.0,0.0
489,CMDL_B2,0.0,0.0,0.0,0.0,0.2,70.0,65.0,65.0,0.0,0.0,0.0,0.0,20.0
490,CMDL_B3,10.0,0.0,0.0,0.0,0.0,11.0,70.6,60.1,10.5,10.0,0.0,0.0,0.0
491,CMDL_B4,5.0,0.0,0.0,0.0,0.1,20.0,108.1,87.0,21.1,20.0,0.0,0.0,0.0
492,CMDL_B5,10.0,0.0,0.0,0.0,0.0,8.0,59.5,51.0,8.5,40.0,0.0,0.0,0.0
493,CMDL_B6,40.0,0.0,0.0,0.0,20.1,5.0,87.4,86.0,1.4,10.0,0.0,0.0,0.0
494,CMDL_B7,10.0,0.0,0.0,0.0,17.0,35.1,32.2,25.0,7.2,20.0,0.0,0.0,0.0
495,CMDL_B8,5.0,0.0,0.0,0.0,6.1,38.0,66.2,66.1,0.1,10.0,0.0,0.0,0.0
496,CMDL_B9,0.0,0.0,0.0,0.0,0.0,10.0,97.3,80.0,17.3,15.0,0.0,0.0,0.0
497,CMDL_HC1,0.0,0.0,0.0,0.0,15.1,13.0,42.0,5.0,37.0,20.0,0.0,0.0,15.0
498,CMDL_HC2,50.0,0.0,0.0,0.0,0.0,8.1,24.4,18.0,6.4,10.0,0.0,0.0,10.0
499,CMDL_HC3,3.0,0.0,0.0,0.0,45.0,5.0,2.3,0.1,2.2,1.0,0.0,0.0,50.0
500,CMDL_HC4,30.0,0.0,0.0,0.0,0.0,15.1,24.3,21.0,3.3,25.0,0.0,0.0,10.0
501,CMDL_HC5,0.0,0.0,0.0,0.0,10.1,11.0,66.5,15.1,51.4,15.0,0.0,0.0,5.0
502,CMDL_TR1,0.0,0.0,0.0,0.0,0.1,23.0,90.1,90.1,0.0,5.0,0.0,100.0,0.0
503,CMDL_TR2,0.0,0.0,0.0,0.0,3.1,30.1,90.0,90.0,0.0,1.0,0.0,100.0,0.0
504,CMDL_TR3,0.0,0.0,0.0,0.0,0.0,16.0,83.0,83.0,0.0,5.0,0.0,5.0,10.0
505,CMDL_TR4,0.0,0.0,0.0,0.0,0.0,31.0,100.0,100.0,0.0,0.0,0.0,100.0,0.0
506,CMDL_TR5,0.0,0.0,0.0,0.0,0.0,8.0,100.0,100.0,0.0,0.0,0.0,100.0,0.0
507,D1C,0.0,0.0,0.0,0.0,4.25,34.25,54.25,54.0,0.25,0.0,0.0,0.0,10.0
508,D1E,2.75,0.0,0.0,0.0,28.25,29.5,45.75,45.25,0.5,0.0,0.0,0.0,3.0
509,D1T,0.0,0.0,0.0,0.0,2.0,52.5,62.25,62.25,0.0,0.0,0.0,0.0,0.0
510,D2C,0.0,0.0,0.0,0.0,0.0,27.75,22.25,22.25,0.0,0.0,0.0,0.0,55.0
511,D2E,0.0,0.0,0.0,0.0,17.5,22.775,73.5,73.5,0.0,0.0,0.0,0.0,3.0
512,D2T,0.0,0.0,0.0,0.0,0.0,19.275,84.75,84.75,0.0,0.0,0.0,0.0,0.0
513,D3C,0.0,0.0,0.0,0.0,0.0,29.0,16.025,16.025,0.0,0.0,0.0,0.0,58.0
514,D3E,7.25,0.0,0.0,0.0,1.775,17.5,80.525,70.5,10.025,0.0,0.0,0.0,9.0
515,D3T,0.0,0.0,0.0,0.0,0.275,33.5,73.75,73.75,0.0,0.0,0.0,0.0,6.0
516,D4C,0.0,0.0,0.0,0.0,4.775,20.775,75.25,75.25,0.0,0.0,0.0,0.0,0.0
517,D4E,0.0,0.0,0.0,0.0,19.75,36.75,67.275,64.25,3.025,0.0,0.0,0.0,0.0
518,D4T,0.0,0.0,0.0,0.0,3.0,38.5,67.0,67.0,0.0,0.0,0.0,0.0,0.0
519,IVO_C12,10.0,0.0,0.0,0.0,0.0,30.0,19.0,19.0,0.0,40.0,0.0,0.0,0.0
520,IVO_C15,18.0,0.0,0.2,0.0,0.0,15.1,5.2,5.2,0.0,70.0,0.0,0.0,0.0
521,IVO_C18,25.0,0.0,6.0,0.0,0.0,11.1,53.1,53.1,0.0,15.0,0.0,0.0,0.0
522,IVO_C21,8.0,0.0,0.0,0.0,0.0,25.2,75.0,75.0,0.0,10.0,0.0,0.0,0.0
523,IVO_C24,5.0,0.0,0.0,0.0,0.0,58.0,25.0,25.0,0.0,20.0,0.0,0.0,0.0
524,IVO_C27,5.1,0.0,0.0,0.0,0.0,65.0,10.0,10.0,0.0,20.0,0.0,0.0,0.0
525,IVO_C3,15.0,0.0,0.0,0.0,0.0,60.0,10.0,10.0,0.0,15.0,0.0,5.0,0.0
526,IVO_C30,6.0,0.0,0.0,0.0,0.0,46.0,25.0,25.0,0.0,5.0,0.0,25.0,0.0
527,IVO_C6,20.0,0.0,1.0,0.0,0.1,31.0,60.0,60.0,0.0,25.0,0.0,0.0,0.0
528,IVO_C9,40.0,0.0,0.0,0.0,0.0,45.0,5.1,5.1,0.0,10.0,0.0,0.0,0.0
529,IVO_I1,3.0,0.0,15.0,0.0,10.0,20.0,41.5,40.2,1.3,40.0,0.0,0.0,0.0
530,IVO_I13,0.1,0.0,20.0,0.0,35.0,10.0,86.2,85.1,1.1,5.0,0.0,0.0,0.0
531,IVO_I16,6.0,0.0,10.0,0.0,35.0,10.0,86.2,85.0,1.2,5.0,0.0,0.0,0.0
532,IVO_I22,1.0,0.0,14.0,0.0,5.0,10.0,75.2,75.2,0.0,20.0,0.0,0.0,0.0
533,IVO_I6,5.0,0.0,4.1,0.0,10.0,5.0,90.1,88.0,2.1,10.0,0.0,0.0,0.0
534,IVO_S12,43.0,0.0,18.0,0.0,40.0,5.1,75.1,70.1,5.0,3.0,0.0,0.0,0.0
535,IVO_S13,3.1,0.0,15.0,0.0,3.0,30.1,46.4,29.0,17.4,5.0,0.0,0.0,5.0
536,IVO_S18,46.0,0.0,13.1,0.0,3.1,15.0,79.6,66.1,13.5,25.0,0.0,0.0,0.0
537,IVO_S21,6.0,0.0,9.0,0.0,1.0,40.0,13.1,8.0,5.1,30.0,0.0,0.0,0.0
538,IVO_S25,25.0,0.0,75.0,0.0,25.1,6.0,23.2,23.0,0.2,5.0,0.0,0.0,0.0
539,IVO_S29,15.0,0.0,43.0,0.0,15.0,10.0,64.1,63.0,1.1,5.0,0.0,0.0,0.0
540,IVO_S3,50.0,0.0,20.0,0.0,30.0,1.0,11.0,11.0,0.0,50.0,0.0,5.0,0.0
541,IVO_S30,40.0,0.0,8.1,0.0,6.0,13.0,38.1,35.1,3.0,3.0,0.0,0.0,0.0
542,IVO_S5,10.0,0.0,41.0,0.0,40.0,1.0,63.1,60.0,3.1,20.0,0.0,0.0,0.0
543,IVO_S7,10.0,0.0,33.0,0.0,3.0,30.0,57.5,51.1,6.4,10.0,0.0,0.0,0.0
544,IVO_T10,0.1,0.0,8.0,0.0,5.0,70.0,14.2,13.0,1.2,10.0,0.0,0.0,0.0
545,IVO_T19,1.0,0.0,19.0,0.0,5.0,30.0,53.5,50.3,3.2,20.0,0.0,0.0,0.0
546,IVO_T27,1.0,0.0,6.0,0.0,10.0,70.0,11.3,10.2,1.1,10.0,0.0,0.0,5.0
547,IVO_T4,1.0,0.0,15.0,0.0,10.0,40.0,34.3,30.2,4.1,20.0,0.0,0.0,5.0
548,IVO_T9,1.0,0.0,10.2,0.0,10.0,70.0,10.1,10.0,0.1,10.0,0.0,0.0,0.0
549,T1-005-C,18.0,0.0,0.0,0.0,4.75,52.5,4.65,4.65,0.0,15.0,0.0,0.0,22.0
550,T1-005-T,0.05,0.0,0.0,0.0,2.2,103.1,7.65,7.65,0.0,10.0,0.0,0.0,1.0
551,T1-010-C,33.0,0.0,3.0,0.0,4.75,21.0,10.1,10.1,0.0,5.0,0.0,0.0,11.0
552,T1-010-T,3.0,0.0,0.0,0.0,0.0,66.05,1.65,1.65,0.0,5.0,0.0,25.0,0.0
553,T1-025-C,33.0,0.0,0.55,0.0,2.85,19.15,37.1,37.1,0.0,15.0,0.0,0.0,5.0
554,T1-025-T,0.05,0.0,0.0,0.0,0.0,65.55,2.2,2.2,0.0,10.0,0.0,80.0,0.0
555,T1-050-C,30.0,0.0,0.55,0.0,2.2,53.05,28.65,28.65,0.0,40.0,0.0,0.0,5.0
556,T1-050-T,0.0,0.0,0.0,0.0,0.0,0.55,72.6,72.6,0.0,25.0,0.55,100.0,0.0
557,T1-100-C,3.55,0.0,0.55,0.0,2.25,80.5,8.2,8.2,0.0,5.0,0.0,0.0,5.0
558,T1-100-T,0.0,0.0,0.0,0.0,0.0,52.5,40.5,40.5,0.0,40.0,0.0,100.0,0.0
559,T1-200-C,52.5,0.0,3.0,0.0,2.8,36.1,73.25,57.15,16.1,40.0,0.0,0.0,1.0
560,T1-200-T,0.55,0.0,0.0,0.0,0.0,53.05,56.05,56.05,0.0,10.0,0.0,80.0,2.0
561,T2-005-C,0.0,0.0,0.0,0.0,0.0,68.5,0.0,0.0,0.0,5.0,0.0,0.0,31.0
562,T2-005-T,0.0,0.0,0.0,0.0,0.0,77.5,0.0,0.0,0.0,10.0,0.0,5.0,0.0
563,T2-010-C,33.0,0.0,0.0,0.0,0.05,90.5,0.0,0.0,0.0,5.0,0.0,0.0,10.0
564,T2-010-T,0.0,0.0,0.0,0.0,0.0,37.5,0.0,0.0,0.0,25.0,0.0,100.0,0.0
565,T2-025-C,30.0,0.0,0.0,0.0,0.0,63.05,24.0,24.0,0.0,3.0,0.0,0.0,7.0
566,T2-025-T,0.0,0.0,0.0,0.0,1.1,15.0,15.55,15.55,0.0,70.0,0.0,100.0,0.0
567,T2-050-C,30.55,0.0,15.0,0.0,1.1,40.5,19.1,19.1,0.0,15.0,0.0,0.0,1.0
568,T2-050-T,0.0,0.0,0.0,0.0,3.0,37.5,52.5,52.5,0.0,20.0,0.0,100.0,0.0
569,T2-100-C,30.0,0.0,0.0,0.0,1.1,88.05,7.1,7.1,0.0,10.0,0.0,0.0,2.0
570,T2-100-T,0.0,0.0,0.0,0.0,0.0,62.5,30.0,30.0,0.0,30.0,0.0,100.0,0.0
571,T2-200-C,33.0,0.0,15.0,0.0,2.25,66.05,18.55,18.55,0.0,35.0,0.0,0.0,0.0
572,T2-200-T,3.0,0.0,0.0,0.0,0.0,87.5,15.0,15.0,0.0,70.0,0.0,0.0,0.0
573,T3-005-C,3.0,0.0,0.0,0.0,0.0,30.0,0.05,0.05,0.0,0.0,0.0,0.0,80.0
574,T3-005-T,0.0,0.0,0.0,0.0,0.0,77.5,0.0,0.0,0.0,0.0,0.0,95.0,0.0
575,T3-010-C,52.5,0.0,0.0,0.0,0.55,1.1,2.2,2.2,0.0,0.0,0.0,0.0,50.0
576,T3-010-T,0.0,0.0,0.0,0.0,0.0,0.0,0.0,0.0,0.0,0.0,0.0,100.0,0.0
577,T3-025-C,15.55,0.0,15.0,0.0,31.65,12.55,20.75,20.75,0.0,0.0,0.0,0.0,18.0
578,T3-025-T,0.0,0.0,0.0,0.0,0.0,100.0,0.0,0.0,0.0,0.0,0.0,0.0,5.0
579,T3-050-C,15.0,0.0,0.55,0.0,4.65,52.5,27.3,9.3,18.0,0.0,0.0,0.0,0.0
580,T3-050-T,0.0,0.0,0.0,0.0,0.0,77.5,4.1,4.1,0.0,0.0,0.0,0.0,1.0
581,T3-100-C,6.0,0.0,15.0,0.0,7.65,21.55,9.3,9.3,0.0,0.0,0.0,0.0,2.0
582,T3-100-T,0.0,0.0,0.0,0.0,3.0,52.5,78.05,78.05,0.0,0.0,0.0,0.0,0.0
583,T4-005-C,0.0,0.0,0.0,0.0,0.0,93.5,1.1,1.1,0.0,0.0,0.0,5.0,2.0
584,T4-005-T,0.0,0.0,0.0,0.0,0.0,38.05,0.0,0.0,0.0,0.0,0.0,100.0,0.0
585,T4-010-C,0.0,0.0,0.0,0.0,0.05,91.05,3.55,3.55,0.0,0.0,0.0,0.0,1.0
586,T4-010-T,0.0,0.0,0.0,0.0,0.0,0.0,0.0,0.0,0.0,0.0,0.0,100.0,0.0
587,T4-025-C,0.0,0.0,0.0,0.0,0.0,41.05,0.0,0.0,0.0,0.0,0.0,35.0,0.0
588,T4-025-T,0.0,0.0,0.0,0.0,0.0,37.5,0.0,0.0,0.0,0.0,0.0,100.0,0.0
589,T4-050-C,0.0,0.0,0.0,0.0,0.0,90.5,18.0,18.0,0.0,0.0,0.0,3.0,0.0
590,T4-050-T,0.0,0.0,0.0,0.0,0.0,37.5,0.0,0.0,0.0,0.0,0.0,100.0,0.0
591,T4-100-C,0.05,0.0,0.0,0.0,0.0,91.05,81.0,81.0,0.0,0.0,0.0,0.0,0.0
592,T4-100-T,0.0,0.0,0.0,0.0,0.0,88.05,0.0,0.0,0.0,0.0,0.0,3.0,0.0
593,T5-025-C,21.0,0.0,0.0,0.0,3.55,67.15,39.3,39.3,0.0,0.0,0.0,0.0,5.0
594,T5-025-T,1.1,0.0,0.0,0.0,0.55,75.0,6.55,6.55,0.0,0.0,0.0,0.0,0.0
595,T5-050-C,6.55,0.0,0.0,0.0,0.55,41.05,10.65,10.65,0.0,0.0,0.0,0.0,5.0
596,T5-050-T-A,7.1,0.0,3.0,0.0,3.0,40.5,11.2,11.2,0.0,0.0,0.0,0.0,0.0
597,T5-050-T-B,0.55,0.0,0.0,0.0,0.55,3.55,87.05,87.05,0.0,0.0,0.0,0.0,0.0
598,T5-100-C,18.55,0.0,15.0,0.0,1.1,41.05,34.65,34.65,0.0,0.0,0.0,0.0,0.0
599,T5-100-T,0.0,0.0,0.0,0.0,0.0,77.5,90.0,90.0,0.0,0.0,0.0,5.0,0.0
600,BARR_001.basePlot.div.31.1.1,0.0,0.0,0.0,0.0,6.5,8.0,97.5,97.0,0.5,6.5,12.5,0.0,0.0
601,BARR_001.basePlot.div.32.2.1,9.0,0.0,0.0,0.0,1.5,9.0,97.0,96.0,1.0,8.5,8.0,0.0,0.0
602,BARR_001.basePlot.div.32.4.1,0.0,0.0,0.0,0.0,0.0,13.5,15.0,15.0,0.0,78.0,9.5,1.0,0.5
603,BARR_001.basePlot.div.40.1.1,0.0,0.0,0.0,0.0,0.5,10.0,87.5,87.0,0.5,30.5,12.5,0.0,0.5
604,BARR_001.basePlot.div.40.3.1,0.0,0.0,0.0,0.0,0.0,10.0,98.0,98.0,0.0,9.0,9.0,0.0,0.0
605,BARR_001.basePlot.div.41.4.1,0.0,0.0,0.0,0.0,0.5,10.5,50.0,50.0,0.0,34.5,11.5,0.0,0.0
606,BARR_002.basePlot.div.31.1.1,0.0,0.0,0.0,0.0,1.0,17.0,90.0,87.0,3.0,12.5,15.0,0.0,0.0
607,BARR_002.basePlot.div.32.2.1,0.0,0.0,0.0,0.0,1.0,7.5,28.5,28.0,0.5,41.0,21.5,0.0,0.5
608,BARR_002.basePlot.div.32.4.1,0.0,0.0,0.0,0.0,0.0,9.5,96.0,96.0,0.0,6.5,0.5,75.0,0.0
609,BARR_002.basePlot.div.40.1.1,0.0,0.0,0.0,0.0,5.0,8.0,75.0,20.0,55.0,8.5,6.0,0.0,0.0
610,BARR_002.basePlot.div.40.3.1,3.0,0.0,0.0,0.0,3.0,6.5,89.0,82.0,7.0,9.5,2.5,0.0,0.5
611,BARR_002.basePlot.div.41.4.1,0.0,0.0,0.0,0.0,0.0,21.5,75.0,75.0,0.0,12.0,23.0,0.0,0.0
612,BARR_003.basePlot.div.31.1.1,0.0,0.0,0.0,0.0,0.0,13.5,78.0,78.0,0.0,17.5,8.0,0.0,0.0
613,BARR_003.basePlot.div.32.2.1,0.0,0.0,0.0,0.0,0.0,6.0,88.0,88.0,0.0,8.5,10.5,0.5,0.0
614,BARR_003.basePlot.div.32.4.1,0.0,0.0,0.0,0.0,0.0,8.0,94.0,94.0,0.0,9.0,13.0,0.0,0.0
615,BARR_003.basePlot.div.40.1.1,0.0,0.0,0.0,0.0,0.0,10.5,90.0,90.0,0.0,20.0,6.0,1.0,0.0
616,BARR_003.basePlot.div.40.3.1,0.0,0.0,0.0,0.0,0.0,9.0,95.0,95.0,0.0,7.5,4.0,4.0,0.0
617,BARR_003.basePlot.div.41.4.1,0.0,0.0,0.0,0.0,0.0,10.0,93.0,93.0,0.0,5.0,7.0,4.0,0.0
618,BARR_004.basePlot.div.31.1.1,11.0,0.0,0.0,0.0,0.0,5.5,113.0,88.0,25.0,3.5,1.5,0.0,0.0
619,BARR_004.basePlot.div.32.2.1,16.0,0.0,0.0,0.0,2.0,6.0,80.0,25.0,55.0,2.5,4.5,0.0,0.0
620,BARR_004.basePlot.div.32.4.1,0.0,0.0,0.0,0.0,14.0,11.0,58.0,57.0,1.0,30.5,14.0,0.0,0.0
621,BARR_004.basePlot.div.40.1.1,24.5,0.0,0.0,0.0,2.0,2.0,100.0,93.0,7.0,7.5,1.5,0.0,0.0
622,BARR_004.basePlot.div.40.3.1,0.0,0.0,0.0,0.0,2.0,3.5,105.0,85.0,20.0,2.5,2.0,0.0,0.0
623,BARR_004.basePlot.div.41.4.1,3.0,0.0,0.0,0.0,11.0,9.0,49.0,48.0,1.0,35.5,11.5,0.0,0.0
624,BARR_005.basePlot.div.31.1.1,0.0,0.0,0.0,0.0,0.0,4.5,100.0,90.0,10.0,3.0,5.5,0.0,0.0
625,BARR_005.basePlot.div.32.2.1,0.0,0.0,0.0,0.0,9.0,11.0,86.0,86.0,0.0,36.5,7.0,0.0,0.5
626,BARR_005.basePlot.div.32.4.1,0.0,0.0,0.0,0.0,13.5,9.5,72.0,70.0,2.0,23.5,12.5,0.0,0.0
627,BARR_005.basePlot.div.40.1.1,0.0,0.0,0.0,0.0,0.5,9.0,96.0,90.0,6.0,3.0,7.0,0.0,0.0
628,BARR_005.basePlot.div.40.3.1,0.0,0.0,0.0,0.0,3.5,9.5,99.0,95.0,4.0,6.0,5.5,0.0,0.0
629,BARR_005.basePlot.div.41.4.1,2.5,0.0,0.0,0.0,1.0,5.5,90.0,80.0,10.0,25.5,7.5,0.0,0.0
630,BARR_006.basePlot.div.31.1.1,0.0,0.0,0.0,0.0,2.0,40.0,20.0,20.0,0.0,20.0,30.0,20.0,0.0
631,BARR_006.basePlot.div.32.2.1,0.0,0.0,0.0,0.0,0.0,0.0,0.0,0.0,0.0,0.0,0.0,100.0,0.0
632,BARR_006.basePlot.div.32.4.1,0.0,0.0,0.0,0.0,0.0,13.5,0.0,0.0,0.0,4.0,3.0,90.0,0.0
633,BARR_006.basePlot.div.40.1.1,0.0,0.0,0.0,0.0,0.0,40.5,11.0,11.0,0.0,17.5,70.5,5.0,0.0
634,BARR_006.basePlot.div.40.3.1,0.0,0.0,0.0,0.0,0.0,21.0,4.0,4.0,0.0,15.5,70.0,1.0,0.0
635,BARR_006.basePlot.div.41.4.1,0.0,0.0,0.0,0.0,0.0,17.5,29.0,28.0,1.0,34.0,11.0,1.0,30.0
636,BARR_007.basePlot.div.31.1.1,0.0,0.0,0.0,0.0,0.5,9.5,81.0,80.0,1.0,21.0,5.5,2.0,0.0
637,BARR_007.basePlot.div.32.2.1,0.0,0.0,0.0,0.0,0.5,9.0,96.0,95.0,1.0,15.5,11.0,0.0,0.0
638,BARR_007.basePlot.div.32.4.1,0.0,0.0,0.0,0.0,0.0,12.0,99.0,97.0,2.0,14.0,9.5,0.5,0.0
639,BARR_007.basePlot.div.40.1.1,1.0,0.0,0.0,0.0,0.0,12.0,97.0,95.0,2.0,7.0,7.0,0.5,0.0
640,BARR_007.basePlot.div.40.3.1,22.0,0.0,0.0,0.0,0.0,1.5,96.0,80.0,16.0,7.5,7.5,0.0,0.0
641,BARR_007.basePlot.div.41.4.1,0.0,0.0,0.0,0.0,0.0,9.0,94.0,94.0,0.0,25.0,14.0,1.0,0.0
642,BARR_008.basePlot.div.31.1.1,0.0,0.0,0.0,0.0,0.0,0.5,0.0,0.0,0.0,0.0,0.0,100.0,0.0
643,BARR_008.basePlot.div.32.2.1,0.0,0.0,0.0,0.0,1.5,6.5,106.0,90.0,16.0,5.5,6.5,0.0,0.0
644,BARR_008.basePlot.div.32.4.1,0.0,0.0,0.0,0.0,0.0,34.5,45.0,45.0,0.0,13.5,9.5,22.0,0.0
645,BARR_008.basePlot.div.40.1.1,0.0,0.0,0.0,0.0,0.0,10.0,0.0,0.0,0.0,97.5,3.0,49.0,0.0
646,BARR_008.basePlot.div.40.3.1,0.5,0.0,0.0,0.0,1.0,15.0,80.0,79.0,1.0,27.0,15.5,0.0,0.0
647,BARR_008.basePlot.div.41.4.1,0.0,0.0,0.0,0.0,0.5,11.5,50.0,50.0,0.0,51.0,1.0,1.0,0.0
648,BARR_009.basePlot.div.31.1.1,1.0,0.0,0.0,0.0,10.5,8.5,96.0,94.0,2.0,5.5,5.5,0.0,0.0
649,BARR_009.basePlot.div.32.2.1,17.0,0.0,0.0,0.0,6.5,7.0,78.5,78.0,0.5,16.5,6.0,0.0,0.0
650,BARR_009.basePlot.div.32.4.1,0.0,0.0,0.0,0.0,10.0,4.5,10.0,8.0,2.0,75.0,4.0,0.0,0.0
651,BARR_009.basePlot.div.40.1.1,0.0,0.0,0.0,0.0,5.5,12.0,38.0,38.0,0.0,3.5,63.5,0.0,0.0
652,BARR_009.basePlot.div.40.3.1,0.0,0.0,0.0,0.0,11.0,5.5,98.0,88.0,10.0,7.5,4.0,0.0,0.0
653,BARR_009.basePlot.div.41.4.1,25.0,0.0,0.0,0.0,1.5,2.0,98.0,88.0,10.0,1.0,1.0,0.0,0.0
654,BARR_011.basePlot.div.31.1.1,0.0,0.0,0.0,0.0,3.5,7.0,98.0,98.0,0.0,4.5,4.0,0.0,0.0
655,BARR_011.basePlot.div.32.2.1,0.0,0.0,0.0,0.0,0.0,10.5,95.0,95.0,0.0,7.0,5.0,4.0,0.0
656,BARR_011.basePlot.div.32.4.1,0.0,0.0,0.0,0.0,0.5,6.0,92.0,90.0,2.0,13.0,3.5,0.0,0.0
657,BARR_011.basePlot.div.40.1.1,0.0,0.0,0.0,0.0,3.0,1.5,98.0,98.0,0.0,1.0,0.5,7.0,0.0
658,BARR_011.basePlot.div.40.3.1,0.0,0.0,0.0,0.0,2.0,7.5,98.0,98.0,0.0,1.0,0.5,4.0,0.0
659,BARR_011.basePlot.div.41.4.1,0.0,0.0,0.0,0.0,0.0,5.5,99.0,95.0,4.0,4.5,5.5,0.0,0.0
660,BARR_012.basePlot.div.31.1.1,2.0,0.0,0.0,0.0,20.5,18.5,20.0,6.0,14.0,14.5,16.0,0.0,12.0
661,BARR_012.basePlot.div.32.2.1,0.0,0.0,0.0,0.0,15.5,10.5,96.0,92.0,4.0,8.0,14.5,0.0,0.0
662,BARR_012.basePlot.div.32.4.1,0.0,0.0,0.0,0.0,21.5,9.0,91.0,90.0,1.0,11.0,6.0,0.0,0.5
663,BARR_012.basePlot.div.40.1.1,5.0,0.0,0.0,0.0,15.5,13.0,41.0,8.0,33.0,8.5,12.0,0.0,7.0
664,BARR_012.basePlot.div.40.3.1,2.0,0.0,0.0,0.0,60.5,10.0,11.5,11.0,0.5,18.5,9.0,0.0,0.0
665,BARR_012.basePlot.div.41.4.1,0.0,0.0,0.0,0.0,0.5,11.5,58.5,58.0,0.5,47.0,0.5,3.0,0.0
666,BARR_013.basePlot.div.31.1.1,1.0,0.0,0.0,0.0,8.0,9.0,44.0,43.0,1.0,60.5,20.5,0.0,0.0
667,BARR_013.basePlot.div.32.2.1,4.0,0.0,0.0,0.0,11.5,14.0,60.5,60.0,0.5,11.0,16.0,0.0,0.0
668,BARR_013.basePlot.div.32.4.1,5.0,0.0,0.0,0.0,1.0,3.5,101.0,90.0,11.0,3.5,2.5,0.0,0.0
669,BARR_013.basePlot.div.40.1.1,8.5,0.0,0.0,0.0,0.0,8.0,87.0,80.0,7.0,8.5,4.5,0.0,0.0
670,BARR_013.basePlot.div.40.3.1,13.0,0.0,0.0,0.0,0.0,2.0,108.0,95.0,13.0,1.0,1.5,0.0,0.0
671,BARR_013.basePlot.div.41.4.1,2.0,0.0,0.0,0.0,10.5,9.5,82.0,78.0,4.0,32.5,9.5,0.0,0.0
672,BARR_014.basePlot.div.31.1.1,0.0,0.0,0.0,0.0,0.0,1.0,0.0,0.0,0.0,0.0,0.0,100.0,0.0
673,BARR_014.basePlot.div.32.2.1,0.5,0.0,0.0,0.0,0.0,13.5,98.5,98.0,0.5,6.0,3.5,1.0,0.5
674,BARR_014.basePlot.div.32.4.1,1.5,0.0,0.0,0.0,3.0,9.5,98.0,95.0,3.0,14.0,8.5,0.0,0.0
675,BARR_014.basePlot.div.40.1.1,0.0,0.0,0.0,0.0,1.0,6.0,0.0,0.0,0.0,4.0,0.5,100.0,0.0
676,BARR_014.basePlot.div.40.3.1,5.0,0.0,0.0,0.0,1.5,3.0,97.0,96.0,1.0,5.0,6.0,0.0,0.0
677,BARR_014.basePlot.div.41.4.1,0.5,0.0,0.0,0.0,7.5,7.0,100.0,95.0,5.0,8.5,7.5,0.0,0.0
678,BARR_015.basePlot.div.31.1.1,0.0,0.0,0.0,0.0,1.5,12.5,95.5,95.0,0.5,10.5,37.5,0.0,0.5
679,BARR_015.basePlot.div.32.2.1,1.0,0.0,0.0,0.0,0.0,10.5,95.0,93.0,2.0,9.0,5.0,0.0,0.0
680,BARR_015.basePlot.div.32.4.1,2.0,0.0,0.0,0.0,0.0,6.5,100.0,92.0,8.0,7.5,4.5,0.0,0.0
681,BARR_015.basePlot.div.40.1.1,2.5,0.0,0.0,0.0,1.5,7.5,70.5,70.0,0.5,30.5,8.5,0.0,0.0
682,BARR_015.basePlot.div.40.3.1,1.0,0.0,0.0,0.0,0.0,9.0,102.0,92.0,10.0,6.5,8.5,0.0,0.0
683,BARR_015.basePlot.div.41.4.1,4.5,0.0,0.0,0.0,0.0,10.0,80.5,80.0,0.5,16.0,10.5,0.0,0.5
684,BARR_016.basePlot.div.31.1.1,0.0,0.0,0.0,0.0,2.0,9.5,88.5,88.0,0.5,8.5,40.5,0.0,0.0
685,BARR_016.basePlot.div.32.2.1,0.0,0.0,0.0,0.0,2.5,11.0,36.0,30.0,6.0,43.0,18.0,0.0,0.0
686,BARR_016.basePlot.div.32.4.1,11.0,0.0,0.0,0.0,1.0,8.0,70.5,70.0,0.5,16.5,7.5,0.0,12.0
687,BARR_016.basePlot.div.40.1.1,0.0,0.0,0.0,0.0,7.0,15.5,3.0,3.0,0.0,26.5,12.5,40.0,0.0
688,BARR_016.basePlot.div.40.3.1,0.0,0.0,0.0,0.0,0.0,10.5,22.5,22.0,0.5,20.5,55.5,2.0,0.0
689,BARR_016.basePlot.div.41.4.1,0.0,0.0,0.0,0.0,1.0,28.0,14.5,14.0,0.5,68.5,42.5,0.0,1.0
690,BARR_017.basePlot.div.31.1.1,0.0,0.0,0.0,0.0,21.5,19.0,31.0,30.0,1.0,50.5,10.0,0.0,0.5
691,BARR_017.basePlot.div.32.2.1,0.0,0.0,0.0,0.0,0.0,16.5,98.0,98.0,0.0,7.0,1.0,0.0,0.0
692,BARR_017.basePlot.div.32.4.1,0.0,0.0,0.0,0.0,30.0,6.0,94.0,90.0,4.0,8.5,5.5,0.0,0.0
693,BARR_017.basePlot.div.40.1.1,0.0,0.0,0.0,0.0,10.0,5.0,104.0,96.0,8.0,12.0,2.0,0.0,1.0
694,BARR_017.basePlot.div.40.3.1,0.0,0.0,0.0,0.0,11.0,13.5,21.0,20.0,1.0,80.5,8.0,0.0,0.5
695,BARR_017.basePlot.div.41.4.1,0.0,0.0,0.0,0.0,19.0,13.0,88.0,85.0,3.0,11.5,4.5,0.5,0.5
696,BARR_018.basePlot.div.31.1.1,0.0,0.0,0.0,0.0,6.0,9.5,98.0,98.0,0.0,1.0,1.0,0.0,0.0
697,BARR_018.basePlot.div.32.2.1,0.0,0.0,0.0,0.0,9.0,5.5,96.0,96.0,0.0,2.5,2.5,0.0,0.0
698,BARR_018.basePlot.div.32.4.1,0.0,0.0,0.0,0.0,10.5,16.0,96.0,96.0,0.0,4.5,2.0,0.0,0.0
699,BARR_018.basePlot.div.40.1.1,0.0,0.0,0.0,0.0,0.0,1.5,99.0,99.0,0.0,1.0,0.5,6.0,0.0
700,BARR_018.basePlot.div.40.3.1,0.0,0.0,0.0,0.0,14.0,19.5,96.0,96.0,0.0,5.5,5.0,0.0,0.0
701,BARR_018.basePlot.div.41.4.1,0.0,0.0,0.0,0.0,0.5,12.5,97.0,97.0,0.0,4.5,3.0,0.0,0.0
702,BARR_019.basePlot.div.31.1.1,4.0,0.0,0.0,0.0,0.0,3.0,99.0,90.0,9.0,6.5,4.5,0.0,0.0
703,BARR_019.basePlot.div.32.2.1,0.0,0.0,0.0,0.0,0.0,6.5,0.0,0.0,0.0,98.5,6.5,65.0,0.5
704,BARR_019.basePlot.div.32.4.1,12.5,0.0,0.0,0.0,6.0,6.5,75.5,75.0,0.5,10.5,13.5,0.0,0.0
705,BARR_019.basePlot.div.40.1.1,10.5,0.0,0.0,0.0,0.5,4.5,82.0,70.0,12.0,20.5,6.5,0.0,0.0
706,BARR_019.basePlot.div.40.3.1,0.0,0.0,0.0,0.0,0.0,10.5,0.0,0.0,0.0,99.5,12.0,16.0,0.0
707,BARR_019.basePlot.div.41.4.1,0.0,0.0,0.0,0.0,0.0,7.5,0.5,0.5,0.0,97.0,4.5,17.0,0.5
708,BARR_020.basePlot.div.31.1.1,0.5,0.0,0.0,0.0,4.5,12.5,95.0,95.0,0.0,10.5,8.5,0.0,0.0
709,BARR_020.basePlot.div.32.2.1,0.0,0.0,0.0,0.0,0.0,18.5,3.0,3.0,0.0,6.0,4.0,96.0,0.0
710,BARR_020.basePlot.div.32.4.1,0.0,0.0,0.0,0.0,3.0,12.0,92.0,92.0,0.0,17.5,7.0,0.0,0.0
711,BARR_020.basePlot.div.40.1.1,0.0,0.0,0.0,0.0,0.0,32.0,88.0,88.0,0.0,22.5,9.0,5.0,0.0
712,BARR_020.basePlot.div.40.3.1,0.5,0.0,0.0,0.0,2.0,14.0,87.0,87.0,0.0,17.0,10.5,0.5,1.0
713,BARR_020.basePlot.div.41.4.1,0.0,0.0,0.0,0.0,1.5,17.5,95.0,95.0,0.0,15.5,7.0,1.0,0.0
714,BARR_021.basePlot.div.31.1.1,0.0,0.0,0.0,0.0,0.0,3.5,100.0,100.0,0.0,1.5,2.0,0.0,0.0
715,BARR_021.basePlot.div.32.2.1,0.0,0.0,0.0,0.0,7.0,10.5,97.5,97.0,0.5,10.5,5.5,0.0,0.0
716,BARR_021.basePlot.div.32.4.1,0.0,0.0,0.0,0.0,0.0,16.5,90.0,90.0,0.0,8.5,7.0,0.0,0.0
717,BARR_021.basePlot.div.40.1.1,0.0,0.0,0.0,0.0,0.0,5.5,99.0,99.0,0.0,1.5,1.0,0.5,0.0
718,BARR_021.basePlot.div.40.3.1,0.0,0.0,0.0,0.0,0.5,7.5,98.5,98.0,0.5,4.0,6.5,0.0,0.0
719,BARR_021.basePlot.div.41.4.1,0.5,0.0,0.0,0.0,8.0,5.0,98.0,98.0,0.0,2.5,2.5,0.0,0.0
720,BARR_022.basePlot.div.31.1.1,0.5,0.0,0.0,0.0,5.5,20.5,35.0,35.0,0.0,45.5,11.0,0.0,0.5
721,BARR_022.basePlot.div.32.2.1,0.0,0.0,0.0,0.0,2.5,9.0,98.0,98.0,0.0,12.0,10.0,0.0,0.0
722,BARR_022.basePlot.div.32.4.1,0.0,0.0,0.0,0.0,0.5,16.0,90.0,90.0,0.0,25.0,8.0,0.0,0.0
723,BARR_022.basePlot.div.40.1.1,17.0,0.0,0.0,0.0,18.0,9.0,80.0,80.0,0.0,6.5,6.5,0.0,0.5
724,BARR_022.basePlot.div.40.3.1,0.0,0.0,0.0,0.0,0.5,28.0,1.0,1.0,0.0,92.5,6.5,53.0,0.0
725,BARR_022.basePlot.div.41.4.1,0.0,0.0,0.0,0.0,2.0,1.5,96.0,96.0,0.0,37.5,15.0,0.0,0.5
726,BARR_023.basePlot.div.31.1.1,0.5,0.0,0.0,0.0,3.5,4.0,94.0,91.0,3.0,3.5,3.0,0.0,0.0
727,BARR_023.basePlot.div.32.2.1,9.0,0.0,0.0,0.0,15.5,16.0,108.5,106.0,2.5,4.0,20.0,0.0,0.0
728,BARR_023.basePlot.div.32.4.1,15.0,0.0,0.0,0.0,10.5,13.5,98.0,90.0,8.0,11.5,7.0,0.0,0.5
729,BARR_023.basePlot.div.41.4.1,0.5,0.0,0.0,0.0,1.0,2.5,103.0,90.0,13.0,1.0,6.0,0.0,0.0
730,BARR_024.basePlot.div.31.1.1,0.0,0.0,0.0,0.0,0.5,9.5,96.0,96.0,0.0,15.5,10.0,2.0,0.0
731,BARR_024.basePlot.div.32.2.1,0.0,0.0,0.0,0.0,0.5,9.5,89.0,87.0,2.0,23.5,12.5,0.0,0.0
732,BARR_024.basePlot.div.32.4.1,0.0,0.0,0.0,0.0,0.5,9.0,98.0,97.0,1.0,8.0,5.5,0.0,0.5
733,BARR_024.basePlot.div.40.1.1,0.0,0.0,0.0,0.0,0.5,21.0,18.0,18.0,0.0,15.0,7.0,75.0,0.0
734,BARR_024.basePlot.div.40.3.1,0.0,0.0,0.0,0.0,5.0,8.0,100.0,97.0,3.0,9.0,11.0,0.0,0.0
735,BARR_024.basePlot.div.41.4.1,0.0,0.0,0.0,0.0,0.0,13.0,95.0,95.0,0.0,8.0,5.5,0.5,0.0
736,BARR_025.basePlot.div.31.1.1,0.0,0.0,0.0,0.0,6.5,7.0,96.0,90.0,6.0,4.5,4.5,0.0,0.0
737,BARR_025.basePlot.div.32.2.1,0.0,0.0,0.0,0.0,0.5,7.5,105.0,90.0,15.0,2.5,6.5,0.0,0.0
738,BARR_025.basePlot.div.32.4.1,0.0,0.0,0.0,0.0,26.5,14.5,41.0,40.0,1.0,23.5,3.0,0.0,0.0
739,BARR_025.basePlot.div.40.1.1,0.0,0.0,0.0,0.0,11.0,7.5,94.0,91.0,3.0,7.5,7.5,0.0,0.0
740,BARR_025.basePlot.div.40.3.1,0.0,0.0,0.0,0.0,0.0,1.0,0.0,0.0,0.0,0.0,0.0,100.0,0.0
741,BARR_025.basePlot.div.41.4.1,0.0,0.0,0.0,0.0,0.5,8.0,60.0,50.0,10.0,45.5,13.0,0.0,0.5
742,BARR_026.basePlot.div.31.1.1,0.0,0.0,0.0,0.0,1.0,18.5,0.5,0.5,0.0,7.0,0.5,95.0,0.0
743,BARR_026.basePlot.div.32.2.1,0.0,0.0,0.0,0.0,0.0,8.5,35.0,35.0,0.0,20.5,3.0,66.0,0.0
744,BARR_026.basePlot.div.32.4.1,0.0,0.0,0.0,0.0,0.0,3.5,3.0,3.0,0.0,0.5,0.5,98.0,0.0
745,BARR_026.basePlot.div.40.1.1,0.0,0.0,0.0,0.0,0.0,18.5,83.0,83.0,0.0,15.5,2.0,18.0,0.0
746,BARR_026.basePlot.div.40.3.1,0.0,0.0,0.0,0.0,0.0,22.0,12.0,12.0,0.0,20.5,4.0,80.0,0.0
747,BARR_026.basePlot.div.41.4.1,0.0,0.0,0.0,0.0,1.0,13.0,95.0,95.0,0.0,8.5,3.5,0.0,0.0
748,BARR_027.basePlot.div.31.1.1,0.0,0.0,0.0,0.0,0.5,7.0,98.0,98.0,0.0,5.5,3.0,0.0,0.0
749,BARR_027.basePlot.div.32.2.1,0.0,0.0,0.0,0.0,0.5,2.5,99.0,99.0,0.0,2.0,3.0,0.0,0.0
750,BARR_027.basePlot.div.32.4.1,0.0,0.0,0.0,0.0,0.5,5.0,99.0,99.0,0.0,2.0,2.0,0.0,0.0
751,BARR_027.basePlot.div.40.1.1,0.0,0.0,0.0,0.0,0.0,4.5,99.0,99.0,0.0,2.0,4.0,0.0,0.0
752,BARR_027.basePlot.div.40.3.1,0.0,0.0,0.0,0.0,0.5,4.5,102.0,99.0,3.0,0.5,5.0,0.0,0.0
753,BARR_027.basePlot.div.41.4.1,0.0,0.0,0.0,0.0,0.5,3.0,99.0,99.0,0.0,1.0,2.0,0.0,0.0
754,BARR_028.basePlot.div.31.1.1,0.0,0.0,0.0,0.0,0.0,17.0,55.0,55.0,0.0,50.5,25.0,11.0,0.5
755,BARR_028.basePlot.div.32.2.1,0.0,0.0,0.0,0.0,0.0,7.0,55.0,55.0,0.0,47.5,7.0,0.0,0.0
756,BARR_028.basePlot.div.32.4.1,0.0,0.0,0.0,0.0,0.0,13.5,0.0,0.0,0.0,98.5,9.0,8.0,0.0
757,BARR_028.basePlot.div.40.1.1,2.0,0.0,0.0,0.0,5.5,5.5,101.0,97.0,4.0,3.5,4.0,0.0,0.0
758,BARR_028.basePlot.div.40.3.1,0.0,0.0,0.0,0.0,1.5,8.5,123.0,78.0,45.0,6.5,4.0,0.0,0.0
759,BARR_028.basePlot.div.41.4.1,0.0,0.0,0.0,0.0,0.5,6.5,94.0,91.0,3.0,6.5,4.0,0.0,0.0
760,BARR_029.basePlot.div.31.1.1,0.0,0.0,0.0,0.0,0.5,7.0,112.0,92.0,20.0,6.0,4.0,0.0,0.0
761,BARR_029.basePlot.div.32.2.1,0.0,0.0,0.0,0.0,0.5,13.5,6.0,6.0,0.0,90.0,9.0,8.0,0.0
762,BARR_029.basePlot.div.32.4.1,0.0,0.0,0.0,0.0,1.0,10.5,31.0,30.0,1.0,61.0,7.0,5.0,4.0
763,BARR_029.basePlot.div.40.1.1,0.0,0.0,0.0,0.0,0.5,8.0,95.5,95.0,0.5,3.5,10.5,0.0,0.0
764,BARR_029.basePlot.div.40.3.1,0.0,0.0,0.0,0.0,0.5,8.0,97.0,96.0,1.0,4.5,7.0,0.0,0.0
765,BARR_029.basePlot.div.41.4.1,0.0,0.0,0.0,0.0,0.0,6.5,76.0,75.0,1.0,23.5,4.0,1.0,0.0
766,BARR_030.basePlot.div.31.1.1,0.0,0.0,0.0,0.0,3.5,19.5,84.0,80.0,4.0,13.0,9.0,0.0,0.5
767,BARR_030.basePlot.div.32.2.1,1.0,0.0,0.0,0.0,7.5,19.5,117.0,97.0,20.0,6.0,9.5,0.0,0.0
768,BARR_030.basePlot.div.32.4.1,6.0,0.0,0.0,0.0,24.0,8.0,92.0,90.0,2.0,3.0,8.0,0.0,0.5
769,BARR_030.basePlot.div.40.1.1,0.0,0.0,0.0,0.0,2.5,11.5,116.0,91.0,25.0,5.5,7.0,0.0,0.5
770,BARR_030.basePlot.div.40.3.1,6.5,0.0,0.0,0.0,0.5,9.0,83.0,72.0,11.0,22.5,14.0,0.0,0.0
771,BARR_030.basePlot.div.41.4.1,0.0,0.0,0.0,0.0,15.0,8.5,100.0,87.0,13.0,18.0,11.0,0.0,0.0
772,BARR_032.basePlot.div.31.1.1,0.0,0.0,0.0,0.0,0.5,8.0,96.0,96.0,0.0,4.0,7.5,0.0,0.0
773,BARR_032.basePlot.div.32.2.1,0.5,0.0,0.0,0.0,1.5,5.5,100.0,94.0,6.0,4.5,4.0,0.0,0.0
774,BARR_032.basePlot.div.32.4.1,4.0,0.0,0.0,0.0,3.5,5.5,95.0,93.0,2.0,4.5,3.5,0.0,0.0
775,BARR_032.basePlot.div.40.1.1,0.0,0.0,0.0,0.0,0.0,7.0,107.0,95.0,12.0,5.0,4.5,0.0,0.0
776,BARR_032.basePlot.div.40.3.1,0.0,0.0,0.0,0.0,0.5,12.5,92.5,92.0,0.5,8.0,8.0,0.5,0.0
777,BARR_032.basePlot.div.41.4.1,0.0,0.0,0.0,0.0,11.5,16.0,81.0,80.0,1.0,18.5,9.5,0.0,0.0
778,BARR_051.basePlot.div.31.1.1,0.0,0.0,0.0,0.0,12.5,8.5,59.0,57.0,2.0,22.5,10.0,0.0,0.0
779,BARR_051.basePlot.div.32.2.1,0.0,0.0,0.0,0.0,10.0,6.5,96.0,87.0,9.0,4.0,7.5,0.0,0.0
780,BARR_051.basePlot.div.32.4.1,0.0,0.0,0.0,0.0,8.5,3.0,96.0,90.0,6.0,4.5,1.0,0.0,0.0
781,BARR_051.basePlot.div.40.1.1,0.0,0.0,0.0,0.0,0.0,15.0,5.0,5.0,0.0,61.0,17.0,2.0,6.0
782,BARR_051.basePlot.div.40.3.1,0.0,0.0,0.0,0.0,0.0,9.0,18.0,18.0,0.0,80.5,4.0,7.0,0.0
783,BARR_051.basePlot.div.41.4.1,20.0,0.0,0.0,0.0,0.5,5.5,80.0,50.0,30.0,2.5,2.0,0.0,0.5
784,BARR_052.basePlot.div.31.1.1,0.0,0.0,0.0,0.0,1.5,10.0,79.0,75.0,4.0,37.5,6.0,0.0,0.0
785,BARR_052.basePlot.div.32.2.1,0.0,0.0,0.0,0.0,1.0,10.0,90.0,87.0,3.0,13.5,7.5,0.0,0.5
786,BARR_052.basePlot.div.32.4.1,0.0,0.0,0.0,0.0,0.5,14.5,80.0,80.0,0.0,20.5,13.5,0.0,0.5
787,BARR_052.basePlot.div.40.1.1,0.0,0.0,0.0,0.0,1.5,15.5,80.5,80.0,0.5,8.5,11.0,0.0,0.0
788,BARR_052.basePlot.div.40.3.1,0.0,0.0,0.0,0.0,0.5,3.5,94.0,87.0,7.0,6.5,4.5,0.0,0.0
789,BARR_052.basePlot.div.41.4.1,0.0,0.0,0.0,0.0,0.5,12.5,45.5,45.0,0.5,61.0,13.5,0.0,0.5
790,BARR_053.basePlot.div.31.1.1,0.0,0.0,0.0,0.0,1.0,14.0,96.5,96.0,0.5,8.5,16.5,0.0,0.0
791,BARR_053.basePlot.div.32.2.1,0.0,0.0,0.0,0.0,2.0,14.5,42.0,40.0,2.0,45.5,5.0,0.0,0.0
792,BARR_053.basePlot.div.32.4.1,0.0,0.0,0.0,0.0,1.0,8.0,98.0,93.0,5.0,9.5,4.0,0.0,0.0
793,BARR_053.basePlot.div.40.1.1,0.0,0.0,0.0,0.0,4.0,2.0,90.0,88.0,2.0,27.0,12.0,0.0,0.0
794,BARR_053.basePlot.div.40.3.1,0.0,0.0,0.0,0.0,0.0,9.5,94.0,94.0,0.0,10.5,47.0,0.0,0.0
795,BARR_053.basePlot.div.41.4.1,0.0,0.0,0.0,0.0,0.0,4.5,98.0,95.0,3.0,3.0,5.5,0.0,0.0
796,TOOL_001.basePlot.div.31.1.1,16.5,0.0,5.0,0.0,8.5,16.0,90.0,85.0,5.0,13.0,17.0,0.0,0.0
797,TOOL_001.basePlot.div.32.2.1,7.0,0.0,22.0,0.0,12.5,13.5,97.0,95.0,2.0,12.0,10.0,0.0,0.0
798,TOOL_001.basePlot.div.32.4.1,12.0,0.0,25.0,0.0,12.5,10.0,84.0,83.0,1.0,11.5,14.0,4.0,0.0
799,TOOL_001.basePlot.div.40.1.1,5.0,0.0,24.0,0.0,16.5,16.0,90.0,89.0,1.0,8.0,16.5,0.0,0.0
800,TOOL_001.basePlot.div.40.3.1,8.0,0.0,27.5,0.0,5.5,17.0,84.0,80.0,4.0,15.0,15.0,0.0,0.0
801,TOOL_001.basePlot.div.41.4.1,5.0,0.0,37.5,0.0,16.0,8.0,95.0,90.0,5.0,7.5,8.0,0.0,0.0
802,TOOL_002.basePlot.div.31.1.1,23.0,0.0,11.5,0.0,9.0,15.5,83.0,80.0,3.0,12.0,11.0,0.0,0.5
803,TOOL_002.basePlot.div.32.2.1,13.5,0.0,11.0,0.0,2.0,12.0,70.5,70.0,0.5,18.0,17.0,0.0,0.0
804,TOOL_002.basePlot.div.32.4.1,32.5,0.0,17.5,0.0,4.5,9.0,86.0,85.0,1.0,8.0,10.0,0.0,0.0
805,TOOL_002.basePlot.div.40.1.1,27.0,0.0,4.5,0.0,8.0,8.0,80.5,80.0,0.5,11.5,9.0,0.0,0.0
806,TOOL_002.basePlot.div.40.3.1,19.0,0.0,9.0,0.0,2.0,11.0,66.0,65.0,1.0,8.0,20.5,0.0,0.0
807,TOOL_002.basePlot.div.41.4.1,19.0,0.0,20.0,0.0,4.0,6.0,91.0,90.0,1.0,9.0,7.5,0.0,0.0
808,TOOL_003.basePlot.div.31.1.1,0.0,0.0,6.0,0.0,4.5,25.0,52.0,50.0,2.0,14.0,29.0,19.0,0.0
809,TOOL_003.basePlot.div.32.2.1,57.0,0.0,4.0,0.0,0.0,22.0,87.0,83.0,4.0,18.0,17.0,0.0,0.0
810,TOOL_003.basePlot.div.32.4.1,16.0,0.0,8.0,0.0,2.5,13.0,86.0,85.0,1.0,18.0,13.0,0.0,0.0
811,TOOL_003.basePlot.div.40.1.1,0.5,0.0,8.5,0.0,1.5,15.0,42.0,40.0,2.0,45.0,22.0,0.0,0.0
812,TOOL_003.basePlot.div.40.3.1,3.5,0.0,17.5,0.0,1.5,27.5,60.5,60.0,0.5,65.0,16.0,7.0,0.0
813,TOOL_003.basePlot.div.41.4.1,5.0,0.0,8.5,0.0,3.5,13.5,78.0,75.0,3.0,30.0,10.0,1.0,0.0
814,TOOL_004.basePlot.div.31.1.1,26.0,0.0,59.0,0.0,14.0,14.0,87.0,85.0,2.0,12.0,9.5,0.0,0.0
815,TOOL_004.basePlot.div.32.2.1,13.0,0.0,32.5,0.0,1.0,30.0,75.0,55.0,20.0,14.0,17.0,0.0,0.0
816,TOOL_004.basePlot.div.32.4.1,21.5,0.0,47.0,0.0,8.5,21.0,87.0,82.0,5.0,16.0,13.0,0.0,0.0
817,TOOL_004.basePlot.div.40.1.1,18.0,0.0,37.5,0.0,0.5,20.5,62.0,60.0,2.0,26.5,10.0,0.0,0.0
818,TOOL_004.basePlot.div.40.3.1,31.0,0.0,52.0,0.0,18.0,11.0,86.0,80.0,6.0,18.0,11.0,0.0,0.0
819,TOOL_004.basePlot.div.41.4.1,29.5,0.0,41.5,0.0,13.5,19.0,90.0,85.0,5.0,11.0,9.0,0.0,0.0
820,TOOL_005.basePlot.div.31.1.1,9.0,0.0,7.0,0.0,46.0,13.0,90.5,90.0,0.5,8.0,23.0,0.0,0.0
821,TOOL_005.basePlot.div.32.2.1,48.5,0.0,35.0,0.0,4.5,5.0,81.0,78.0,3.0,7.0,12.5,0.0,0.0
822,TOOL_005.basePlot.div.32.4.1,12.0,0.0,5.5,0.0,20.0,14.0,88.0,87.0,1.0,12.0,12.5,0.0,0.0
823,TOOL_005.basePlot.div.40.1.1,21.5,0.0,22.0,0.0,18.0,7.0,61.0,60.0,1.0,18.0,6.5,0.0,0.0
824,TOOL_005.basePlot.div.40.3.1,18.5,0.0,32.0,0.0,8.5,19.0,79.0,78.0,1.0,12.0,18.0,0.0,0.0
825,TOOL_005.basePlot.div.41.4.1,15.0,0.0,26.0,0.0,17.5,8.0,86.0,85.0,1.0,12.0,8.0,0.0,0.0
826,TOOL_006.basePlot.div.31.1.1,19.5,0.0,29.0,0.0,13.0,14.0,84.0,80.0,4.0,13.0,9.5,0.0,0.0
827,TOOL_006.basePlot.div.32.2.1,26.0,0.0,46.0,0.0,1.5,18.0,79.0,76.0,3.0,21.0,7.0,0.0,0.0
828,TOOL_006.basePlot.div.32.4.1,23.0,0.0,50.0,0.0,8.0,8.0,77.0,70.0,7.0,18.0,10.0,0.0,0.0
829,TOOL_006.basePlot.div.40.1.1,31.0,0.0,55.0,0.0,27.5,7.5,85.0,82.0,3.0,10.0,7.5,0.0,0.0
830,TOOL_006.basePlot.div.40.3.1,55.0,0.0,8.0,0.0,16.5,16.5,63.5,63.0,0.5,33.0,14.0,0.0,0.0
831,TOOL_006.basePlot.div.41.4.1,61.0,0.0,10.0,0.0,22.5,8.0,86.0,86.0,0.0,16.0,10.5,0.0,0.0
832,TOOL_007.basePlot.div.31.1.1,31.0,0.0,25.0,0.0,24.5,8.5,94.0,90.0,4.0,7.0,6.0,0.0,0.0
833,TOOL_007.basePlot.div.32.2.1,29.5,0.0,14.0,0.0,4.5,24.5,77.0,72.0,5.0,19.0,26.0,0.0,0.0
834,TOOL_007.basePlot.div.32.4.1,31.0,0.0,13.0,0.0,4.0,27.0,72.0,70.0,2.0,16.0,20.5,2.0,0.0
835,TOOL_007.basePlot.div.40.1.1,33.5,0.0,12.5,0.0,5.0,4.0,96.0,87.0,9.0,6.0,10.0,0.0,0.0
836,TOOL_007.basePlot.div.40.3.1,23.0,0.0,20.0,0.0,4.0,6.0,81.0,80.0,1.0,18.0,8.0,0.0,0.0
837,TOOL_007.basePlot.div.41.4.1,17.0,0.0,24.5,0.0,2.0,14.0,75.0,72.0,3.0,24.0,19.0,0.0,0.0
838,TOOL_008.basePlot.div.31.1.1,12.0,0.0,24.0,0.0,2.5,14.5,69.0,57.0,12.0,12.0,13.5,0.0,0.0
839,TOOL_008.basePlot.div.32.2.1,20.0,0.0,17.0,0.0,3.0,14.5,92.0,87.0,5.0,4.0,12.0,0.0,0.0
840,TOOL_008.basePlot.div.32.4.1,12.0,0.0,37.0,0.0,4.5,7.0,91.0,85.0,6.0,6.0,11.0,0.0,0.5
841,TOOL_008.basePlot.div.40.1.1,9.0,0.0,26.0,0.0,2.5,11.0,78.0,70.0,8.0,3.0,14.5,0.0,0.0
842,TOOL_008.basePlot.div.40.3.1,16.5,0.0,40.0,0.0,8.0,6.0,93.0,92.0,1.0,6.0,11.0,0.0,0.0
843,TOOL_008.basePlot.div.41.4.1,13.0,0.0,26.0,0.0,6.0,7.0,92.0,90.0,2.0,6.0,13.0,0.0,0.0
844,TOOL_009.basePlot.div.31.1.1,8.0,0.0,20.5,0.0,18.5,11.5,92.0,85.0,7.0,14.5,20.5,0.0,0.0
845,TOOL_009.basePlot.div.32.2.1,19.0,0.0,28.5,0.0,9.5,5.0,98.0,90.0,8.0,3.0,8.0,0.0,0.0
846,TOOL_009.basePlot.div.32.4.1,19.5,0.0,30.0,0.0,19.5,12.0,82.0,80.0,2.0,15.0,14.0,0.0,0.0
847,TOOL_009.basePlot.div.40.1.1,7.5,0.0,23.0,0.0,5.0,15.0,78.0,75.0,3.0,10.0,17.0,0.0,0.0
848,TOOL_009.basePlot.div.40.3.1,13.0,0.0,52.0,0.0,9.0,15.5,86.0,85.0,1.0,9.0,9.5,0.0,0.0
849,TOOL_009.basePlot.div.41.4.1,26.0,0.0,24.0,0.0,7.5,18.0,50.5,50.0,0.5,19.0,9.0,0.0,3.0
850,TOOL_010.basePlot.div.31.1.1,16.0,0.0,33.5,0.0,3.5,15.5,76.0,60.0,16.0,7.0,15.0,0.0,0.0
851,TOOL_010.basePlot.div.32.2.1,21.0,0.0,59.0,0.0,14.5,8.0,88.0,85.0,3.0,5.0,8.0,0.0,0.0
852,TOOL_010.basePlot.div.32.4.1,38.0,0.0,68.0,0.0,7.5,13.0,90.0,87.0,3.0,3.0,7.0,0.0,0.0
853,TOOL_010.basePlot.div.40.1.1,24.0,0.0,24.5,0.0,6.5,18.5,84.0,66.0,18.0,8.0,31.0,0.0,0.5
854,TOOL_010.basePlot.div.40.3.1,10.0,0.0,43.5,0.0,14.5,14.0,98.0,83.0,15.0,12.0,15.0,0.0,0.0
855,TOOL_010.basePlot.div.41.4.1,34.0,0.0,29.0,0.0,5.0,12.0,89.0,85.0,4.0,21.0,13.5,0.0,0.0
856,TOOL_011.basePlot.div.31.1.1,1.0,0.0,2.0,0.0,0.5,29.0,5.0,5.0,0.0,18.0,30.5,22.0,7.0
857,TOOL_011.basePlot.div.32.2.1,0.5,0.0,5.0,0.0,9.0,36.5,25.0,25.0,0.0,65.0,5.5,0.0,2.0
858,TOOL_011.basePlot.div.32.4.1,2.5,0.0,7.0,0.0,2.5,55.0,21.0,21.0,0.0,55.0,17.5,0.0,0.0
859,TOOL_011.basePlot.div.40.1.1,2.0,0.0,0.5,0.0,1.5,39.5,7.0,7.0,0.0,55.0,25.5,0.0,1.0
860,TOOL_011.basePlot.div.40.3.1,0.5,0.0,0.0,0.0,0.0,45.0,3.0,3.0,0.0,70.0,20.0,1.0,0.5
861,TOOL_011.basePlot.div.41.4.1,0.5,0.0,0.0,0.0,0.5,36.0,6.0,6.0,0.0,80.0,20.0,0.0,0.5
862,TOOL_041.basePlot.div.31.1.1,52.0,0.0,72.0,0.0,21.0,10.0,93.0,92.0,1.0,6.0,4.0,0.0,0.0
863,TOOL_041.basePlot.div.32.2.1,44.0,0.0,24.5,0.0,41.5,3.5,68.0,55.0,13.0,30.5,7.0,0.0,0.0
864,TOOL_041.basePlot.div.32.4.1,23.0,0.0,41.5,0.0,11.0,24.0,73.0,65.0,8.0,15.5,21.5,0.0,0.0
865,TOOL_041.basePlot.div.40.1.1,12.5,0.0,42.5,0.0,0.0,6.0,99.0,72.0,27.0,5.5,5.5,0.0,0.0
866,TOOL_041.basePlot.div.40.3.1,14.0,0.0,67.5,0.0,4.5,7.5,100.0,60.0,40.0,6.0,8.0,0.0,0.0
867,TOOL_041.basePlot.div.41.4.1,21.0,0.0,25.0,0.0,3.0,11.0,70.0,45.0,25.0,5.0,13.5,0.0,0.0
868,TOOL_042.basePlot.div.31.1.1,8.0,0.0,43.0,0.0,27.0,38.0,80.5,80.0,0.5,15.0,14.0,0.0,0.0
869,TOOL_042.basePlot.div.32.2.1,9.0,0.0,34.0,0.0,19.5,19.0,89.0,83.0,6.0,9.0,7.5,0.0,0.0
870,TOOL_042.basePlot.div.32.4.1,18.0,0.0,39.5,0.0,15.0,16.0,84.0,75.0,9.0,14.0,13.0,0.0,0.0
871,TOOL_042.basePlot.div.40.1.1,19.0,0.0,61.5,0.0,24.0,19.0,89.0,86.0,3.0,10.0,8.0,0.0,0.0
872,TOOL_042.basePlot.div.40.3.1,10.0,0.0,44.5,0.0,10.0,15.0,91.0,85.0,6.0,16.0,10.0,0.0,0.0
873,TOOL_042.basePlot.div.41.4.1,9.0,0.0,60.0,0.0,13.5,20.0,81.0,80.0,1.0,14.5,12.0,0.0,0.0
874,TOOL_043.basePlot.div.31.1.1,3.0,0.0,62.5,0.0,20.5,34.0,85.0,82.0,3.0,11.0,11.5,0.0,0.0
875,TOOL_043.basePlot.div.32.2.1,5.0,0.0,39.5,0.0,20.0,25.0,87.0,80.0,7.0,11.0,15.5,0.0,0.0
876,TOOL_043.basePlot.div.32.4.1,19.0,0.0,48.0,0.0,27.5,16.0,87.5,87.0,0.5,6.0,7.0,0.0,0.0
877,TOOL_043.basePlot.div.40.1.1,18.0,0.0,32.0,0.0,40.5,16.5,80.0,78.0,2.0,9.0,8.5,0.0,0.0
878,TOOL_043.basePlot.div.40.3.1,7.0,0.0,39.5,0.0,25.5,20.0,84.0,83.0,1.0,9.0,11.0,0.0,0.0
879,TOOL_043.basePlot.div.41.4.1,20.0,0.0,42.5,0.0,37.0,15.0,87.0,84.0,3.0,8.0,89.0,0.0,0.0
880,CL_EL1_Vg_Comp,15.0,0.0,51.0,0.0,0.0,3.0,52.0,9.0,43.0,2.0,0.0,0.0,1.0
881,CL_EL2_Vg_Comp,6.0,0.0,42.0,0.0,2.0,4.0,82.0,5.0,77.0,2.0,0.0,0.0,3.0
882,CL_PMRB1_Vg_Comp,3.0,0.0,16.0,0.0,1.0,21.0,67.0,66.0,1.0,5.0,0.0,0.0,0.0
883,CL_PMRB2_Vg_Comp,1.0,0.0,6.0,0.0,2.0,31.0,30.0,28.0,2.0,8.0,0.0,0.0,0.0
884,CL_PMRB3_Vg_Comp,11.0,0.0,14.0,0.0,1.0,17.0,61.0,61.0,0.0,10.0,0.0,0.0,2.0
885,CL_PMRB4_Vg_Comp,9.0,0.0,33.0,0.0,10.0,9.0,82.0,76.0,6.0,10.0,0.0,0.0,0.0
886,CL_PMRB5_Vg_Comp,23.0,0.0,19.0,0.0,1.0,19.0,73.0,67.0,6.0,12.0,0.0,0.0,2.0
887,CL_WAC-5-1_Vg_Comp,15.0,0.0,2.0,0.0,24.0,56.0,81.0,81.0,0.0,15.0,0.0,0.0,0.0
888,CL_WAC2_Vg_Comp,17.0,0.0,14.0,0.0,0.0,37.0,62.0,59.0,3.0,12.0,0.0,4.0,0.0
889,CL_WAC3_Vg_Comp,40.0,0.0,7.0,0.0,0.0,81.0,47.0,47.0,0.0,6.0,0.0,25.0,0.0
890,CL_WAC4_Vg_Comp,60.0,0.0,0.0,0.0,8.0,44.0,50.0,50.0,0.0,5.0,0.0,0.0,0.0
891,CL_WAC5_Vg_Comp,70.0,0.0,1.0,0.0,2.0,63.0,27.0,27.0,0.0,4.0,0.0,10.0,0.0
892,CL_BEL-7-1_Vg_Comp,37.0,0.0,22.0,0.0,1.0,3.0,118.0,3.0,115.0,3.0,0.0,0.0,0.0
893,CL_BEL2_Vg_Comp,26.0,0.0,16.0,0.0,0.0,2.0,97.0,6.0,91.0,5.0,0.0,0.0,0.0
894,CL_BEL3_Vg_Comp,45.0,0.0,34.0,0.0,2.0,0.0,90.0,3.0,87.0,2.0,0.0,0.0,0.0
895,CL_BEL4_Vg_Comp,12.0,0.0,48.0,0.0,6.0,7.0,62.0,3.0,59.0,5.0,0.0,0.0,0.0
896,CL_BEL5_Vg_Comp,37.0,0.0,21.0,0.0,16.0,6.0,84.0,31.0,53.0,6.0,0.0,0.0,0.0
897,CL_AS8-2_Vg_Comp,110.0,0.0,0.0,0.0,68.0,55.0,5.0,5.0,0.0,90.0,0.0,0.0,0.0
898,CL_AS2-1_Vg_Comp,150.0,0.0,0.0,0.0,69.0,15.0,18.0,16.0,2.0,95.0,0.0,0.0,0.0
899,CL_AS3_Vg_Comp,126.0,0.0,1.0,0.0,45.0,21.0,5.0,5.0,0.0,98.0,0.0,0.0,0.0
900,CL_AS4_Vg_Comp,111.0,0.0,0.0,0.0,45.0,40.0,22.0,22.0,0.0,78.0,0.0,0.0,0.0
901,CL_AS5_Vg_Comp,76.0,0.0,0.0,0.0,74.0,68.0,14.0,11.0,3.0,0.0,0.0,0.0,35.0
902,CL_TT1_Vg_Comp,10.0,0.0,26.0,0.0,26.0,14.0,92.0,47.0,45.0,8.0,0.0,0.0,0.0
903,CL_TT2_Vg_Comp,7.0,0.0,13.0,0.0,5.0,44.0,43.0,9.0,34.0,4.0,0.0,0.0,0.0
904,CL_TT3_Vg_Comp,13.0,0.0,24.0,0.0,8.0,19.0,84.0,51.0,33.0,8.0,0.0,0.0,0.0
905,CL_TT4_Vg_Comp,10.0,0.0,23.0,0.0,14.0,44.0,45.0,31.0,14.0,10.0,0.0,0.0,0.0
906,CL_TT5_Vg_Comp,11.0,0.0,17.0,0.0,18.0,44.0,48.0,29.0,19.0,15.0,0.0,0.0,0.0
907,CL_RS1-1_Vg_Comp,105.0,0.0,0.0,0.0,51.0,25.0,12.0,9.0,3.0,35.0,1.0,0.0,0.0
908,CL_RS2_Vg_Comp,101.0,0.0,4.0,0.0,45.0,24.0,45.0,45.0,0.0,35.0,0.0,0.0,0.0
909,CL_RS3_Vg_Comp,117.0,0.0,0.0,0.0,79.0,20.0,52.0,52.0,0.0,15.0,0.0,0.0,0.0
910,CL_RS4_Vg_Comp,107.0,0.0,0.0,0.0,51.0,38.0,11.5,10.0,1.5,70.0,0.0,0.0,0.0
911,CL_RS5_Vg_Comp,154.0,0.0,0.0,1.0,6.0,27.0,75.0,74.0,1.0,35.0,0.0,0.0,0.0
912,KG_AS1_VgComp,74.0,0.0,28.0,0.0,0.0,1.5,16.0,3.0,13.0,0.0,0.0,0.0,0.0
913,KG_AS2_VgComp,105.0,0.0,25.0,0.0,3.0,8.0,7.0,3.0,4.0,0.0,0.0,0.0,0.0
914,KG_AS3_VgComp,95.0,0.0,24.0,0.0,3.0,13.0,15.0,7.0,8.0,0.0,0.0,0.0,0.0
915,KG_AS4_VgComp,104.5,0.0,14.0,0.0,0.0,6.0,13.5,6.0,7.5,0.0,0.0,0.0,0.0
916,KG_AS5_VgComp,97.0,0.0,9.0,0.0,15.0,18.0,17.0,8.0,9.0,0.0,0.0,0.0,0.0
917,KG_ASV1_VgComp,82.0,0.0,50.0,0.0,10.0,26.0,19.5,15.0,4.5,0.0,0.0,0.0,0.0
918,KG_ASV2_VgComp,96.0,0.0,55.0,0.0,0.5,69.0,9.0,6.5,2.5,0.0,0.0,0.0,0.0
919,KG_ASV3_VgComp,22.0,0.0,25.0,0.0,2.0,58.0,19.0,15.5,3.5,0.0,0.0,0.0,0.0
920,KG_ASV4_VgComp,42.0,0.0,6.5,0.0,3.5,52.0,9.5,6.5,3.0,0.0,0.0,0.0,0.0
921,KG_ASV5_VgComp,59.0,0.0,27.0,0.0,3.0,30.0,14.5,10.5,4.0,0.0,0.0,0.0,0.0
922,KG_BEL1_VgComp,13.0,0.0,30.0,0.0,1.0,4.0,31.5,1.5,30.0,0.0,0.0,0.0,0.0
923,KG_BEL2_VgComp,50.0,0.0,42.0,0.0,0.0,0.0,32.5,1.0,31.5,0.0,0.0,0.0,0.0
924,KG_BEL3_VgComp,16.0,0.0,28.0,0.0,1.0,4.0,37.0,3.0,34.0,0.0,0.0,0.0,0.0
925,KG_BEL4_VgComp,19.0,0.0,33.0,0.0,2.0,9.0,32.5,0.0,32.5,0.0,0.0,0.0,0.0
926,KG_BEL5_VgComp,35.0,0.0,30.0,0.0,0.0,19.5,16.5,0.0,16.5,0.0,0.0,0.0,0.0
927,KG_DLST1_VgComp,5.0,0.0,57.0,0.0,2.0,2.5,19.5,0.0,19.5,0.0,0.0,0.0,0.0
928,KG_DLST2_VgComp,0.0,0.0,65.0,0.0,4.0,0.0,29.0,2.0,27.0,0.0,0.0,0.0,0.0
929,KG_DLST3_VgComp,2.0,0.0,76.0,0.0,0.0,4.0,25.0,1.0,24.0,0.0,0.0,0.0,0.0
930,KG_DLST4_VgComp,1.0,0.0,82.0,0.0,2.0,7.0,18.0,1.0,17.0,0.0,0.0,0.0,0.0
931,KG_DLST5_VgComp,0.0,0.0,70.0,0.0,9.5,4.0,28.5,1.5,27.0,0.0,0.0,0.0,0.0
932,KG_TT1_VgComp,15.0,0.0,28.0,0.0,0.0,36.0,25.5,1.0,24.5,0.0,0.0,0.0,0.0
933,KG_TT2_VgComp,13.0,0.0,27.0,0.0,8.0,36.0,20.0,15.5,4.5,0.0,0.0,0.0,0.0
934,KG_TT3_VgComp,15.0,0.0,43.0,0.0,5.0,88.0,8.5,7.5,1.0,0.0,0.0,0.0,0.0
935,KG_TT4_VgComp,8.0,0.0,23.0,0.0,5.0,70.0,18.0,13.5,4.5,0.0,0.0,0.0,0.0
936,KG_TT5_VgComp,12.0,0.0,21.0,0.0,2.0,65.0,10.0,6.5,3.5,0.0,0.0,0.0,0.0
937,KG_WBT1_VgComp,106.0,0.0,10.5,0.0,12.0,6.0,35.0,35.0,0.0,0.0,0.0,0.0,0.0
938,KG_WBT2_VgComp,76.0,0.0,93.0,0.0,0.0,3.0,5.0,5.0,0.0,0.0,0.0,0.0,0.0
939,KG_WBT3_VgComp,87.0,0.0,41.0,0.0,0.0,3.5,14.0,4.0,10.0,0.0,0.0,0.0,0.0
940,KG_WBT4_VgComp,100.0,0.0,55.0,0.0,0.0,3.0,9.0,3.0,6.0,0.0,0.0,0.0,0.0
941,KG_WBT5_VgComp,85.0,0.0,82.0,0.0,1.0,10.0,24.0,18.0,6.0,0.0,0.0,0.0,0.0
942,TL_CDST1_VgComp,0.0,0.0,0.0,0.0,0.0,0.0,0.0,9.0,0.0,0.0,0.0,0.0,0.0
943,TL_CDST3_VgComp,0.0,0.0,0.0,0.0,0.0,0.0,0.0,6.0,0.0,0.0,0.0,0.0,0.0
944,TL_CDST4_VgComp,0.0,0.0,0.0,0.0,0.0,0.0,0.0,30.0,0.0,0.0,0.0,0.0,0.0
945,TL_CDST5_VgComp,0.0,0.0,0.0,0.0,0.0,0.0,0.0,13.0,0.0,0.0,0.0,0.0,0.0
946,TL_CDST7_VgComp,0.0,0.0,0.0,0.0,0.0,0.0,0.0,7.0,0.0,0.0,0.0,0.0,0.0
947,TL_DBW1_VgComp,0.0,0.0,0.0,0.0,0.0,0.0,0.0,45.0,0.0,0.0,0.0,0.0,0.0
948,TL_DBW2_VgComp,0.0,0.0,0.0,0.0,0.0,0.0,0.0,16.0,0.0,0.0,0.0,0.0,0.0
949,TL_DBW3_VgComp,0.0,0.0,0.0,0.0,0.0,0.0,0.0,0.0,0.0,0.0,0.0,0.0,0.0
950,TL_DBW4_VgComp,0.0,0.0,0.0,0.0,0.0,0.0,0.0,19.0,0.0,0.0,0.0,0.0,0.0
951,TL_DBW5_VgComp,0.0,0.0,0.0,0.0,0.0,0.0,0.0,18.0,0.0,0.0,0.0,0.0,0.0
952,TL_MM1_VgComp,0.0,0.0,0.0,0.0,0.0,0.0,0.0,15.0,0.0,0.0,0.0,0.0,0.0
953,TL_MM2_VgComp,0.0,0.0,0.0,0.0,0.0,0.0,0.0,30.0,0.0,0.0,0.0,0.0,0.0
954,TL_MM3_VgComp,0.0,0.0,0.0,0.0,0.0,0.0,0.0,5.0,0.0,0.0,0.0,0.0,0.0
955,TL_MM4_VgComp,0.0,0.0,0.0,0.0,0.0,0.0,0.0,4.0,0.0,0.0,0.0,0.0,0.0
956,TL_MM5_VgComp,0.0,0.0,0.0,0.0,0.0,0.0,0.0,8.0,0.0,0.0,0.0,0.0,0.0
957,TL_MS1_VgComp,0.0,0.0,0.0,0.0,0.0,0.0,0.0,11.0,0.0,0.0,0.0,0.0,0.0
958,TL_MS5_VgComp,0.0,0.0,0.0,0.0,0.0,0.0,0.0,0.0,0.0,0.0,0.0,0.0,0.0
959,TL_MS6_VgComp,0.0,0.0,0.0,0.0,0.0,0.0,0.0,14.0,0.0,0.0,0.0,0.0,0.0
960,TL_MS7_VgComp,0.0,0.0,0.0,0.0,0.0,0.0,0.0,17.0,0.0,0.0,0.0,0.0,0.0
961,TL_MS8_VgComp,0.0,0.0,0.0,0.0,0.0,0.0,0.0,7.0,0.0,0.0,0.0,0.0,0.0
962,TL_SWD1_VgComp,0.0,0.0,0.0,0.0,0.0,0.0,0.0,49.0,0.0,0.0,0.0,0.0,0.0
963,TL_SWD2_VgComp,0.0,0.0,0.0,0.0,0.0,0.0,0.0,70.0,0.0,0.0,0.0,0.0,0.0
964,TL_SWD3_VgComp,0.0,0.0,0.0,0.0,0.0,0.0,0.0,40.0,0.0,0.0,0.0,0.0,0.0
965,TL_SWD4_VgComp,0.0,0.0,0.0,0.0,0.0,0.0,0.0,63.0,0.0,0.0,0.0,0.0,0.0
966,TL_SWD5_VgComp,0.0,0.0,0.0,0.0,0.0,0.0,0.0,76.0,0.0,0.0,0.0,0.0,0.0
967,TL_WBT6_VgComp,0.0,0.0,0.0,0.0,0.0,0.0,0.0,26.0,0.0,0.0,0.0,0.0,0.0
968,TL_WBT7_VgComp,0.0,0.0,0.0,0.0,0.0,0.0,0.0,18.0,0.0,0.0,0.0,0.0,0.0
969,TL_WBT8_VgComp,0.0,0.0,0.0,0.0,0.0,0.0,0.0,30.0,0.0,0.0,0.0,0.0,0.0
970,TL_WBT9_VgComp,0.0,0.0,0.0,0.0,0.0,0.0,0.0,56.0,0.0,0.0,0.0,0.0,0.0
971,TL_WBT10_VgComp,0.0,0.0,0.0,0.0,0.0,0.0,0.0,41.0,0.0,0.0,0.0,0.0,0.0
972,TL_WNAC1_VgComp,0.0,0.0,0.0,0.0,0.0,0.0,0.0,36.5,0.0,0.0,0.0,0.0,0.0
973,TL_WNAC3_VgComp,0.0,0.0,0.0,0.0,0.0,0.0,0.0,12.0,0.0,0.0,0.0,0.0,0.0
974,TL_WNAC4_VgComp,0.0,0.0,0.0,0.0,0.0,0.0,0.0,37.0,0.0,0.0,0.0,0.0,0.0
975,TL_WNAC5_VgComp,0.0,0.0,0.0,0.0,0.0,0.0,0.0,55.0,0.0,0.0,0.0,0.0,0.0
976,TL_WNAC6_VgComp,0.0,0.0,0.0,0.0,0.0,0.0,0.0,42.0,0.0,0.0,0.0,0.0,0.0
977,TL_WNAC7_VgComp,0.0,0.0,0.0,0.0,0.0,0.0,0.0,44.0,0.0,0.0,0.0,0.0,0.0
